dataset,engine_id,y_true,y_pred,y_pred_lo,y_pred_hi
FD001,3,69.0,58.92380905151367,32.69511795043945,85.15249633789062
FD001,4,82.0,84.5803451538086,58.351654052734375,110.80903625488281
FD001,5,91.0,90.0710678100586,63.842376708984375,116.29975891113281
FD001,6,93.0,91.81392669677734,65.58523559570312,118.04261779785156
FD001,7,91.0,83.30672454833984,57.078033447265625,109.53541564941406
FD001,8,95.0,67.46294403076172,41.2342529296875,93.69163513183594
FD001,9,111.0,104.16191101074219,77.93321990966797,130.39059448242188
FD001,10,96.0,96.58924102783203,70.36054992675781,122.81793212890625
FD001,11,97.0,68.26741027832031,42.038719177246094,94.49610137939453
FD001,12,124.0,79.94763946533203,53.71894836425781,106.17633056640625
FD001,13,95.0,63.16645050048828,36.93775939941406,89.3951416015625
FD001,15,83.0,103.61392974853516,77.38523864746094,129.84262084960938
FD001,16,84.0,108.79540252685547,82.56671142578125,135.0240936279297
FD001,17,50.0,48.140052795410156,21.911361694335938,74.36874389648438
FD001,18,28.0,39.9517707824707,13.723079681396484,66.18046569824219
FD001,19,87.0,88.51903533935547,62.29034423828125,114.74772644042969
FD001,20,16.0,12.658491134643555,0.0,38.887184143066406
FD001,21,57.0,92.68596649169922,66.457275390625,118.91465759277344
FD001,23,113.0,109.78882598876953,83.56013488769531,136.01751708984375
FD001,24,20.0,26.190053939819336,0.0,52.41874694824219
FD001,26,119.0,108.50263214111328,82.27394104003906,134.7313232421875
FD001,27,66.0,75.92857360839844,49.69988250732422,102.15726470947266
FD001,28,97.0,99.38204956054688,73.15335845947266,125.6107406616211
FD001,29,90.0,99.30397033691406,73.07527923583984,125.53266143798828
FD001,30,115.0,71.9314193725586,45.702728271484375,98.16011047363281
FD001,31,8.0,12.049259185791016,0.0,38.277950286865234
FD001,32,48.0,62.64251708984375,36.41382598876953,88.87120819091797
FD001,33,106.0,92.66084289550781,66.4321517944336,118.88953399658203
FD001,34,7.0,6.923712253570557,0.0,33.15240478515625
FD001,35,11.0,9.635502815246582,0.0,35.864192962646484
FD001,36,19.0,24.744598388671875,0.0,50.973289489746094
FD001,37,21.0,31.412321090698242,5.183629989624023,57.641014099121094
FD001,38,50.0,63.591705322265625,37.363014221191406,89.82039642333984
FD001,40,28.0,34.06926727294922,7.840576171875,60.29795837402344
FD001,41,18.0,40.08185958862305,13.853168487548828,66.310546875
FD001,42,10.0,15.311988830566406,0.0,41.540679931640625
FD001,43,59.0,59.342830657958984,33.114139556884766,85.57151794433594
FD001,44,109.0,104.62628936767578,78.39759826660156,130.85498046875
FD001,45,114.0,64.4195327758789,38.19084167480469,90.64822387695312
FD001,46,47.0,41.08574676513672,14.8570556640625,67.31443786621094
FD001,47,125.0,94.6668930053711,68.43820190429688,120.89558410644531
FD001,48,92.0,83.8658676147461,57.637176513671875,110.09455871582031
FD001,49,21.0,19.211158752441406,0.0,45.439849853515625
FD001,50,79.0,99.16521453857422,72.9365234375,125.39390563964844
FD001,51,114.0,90.43359375,64.20490264892578,116.66228485107422
FD001,52,29.0,47.934200286865234,21.705509185791016,74.16288757324219
FD001,53,26.0,37.7272834777832,11.498592376708984,63.95597457885742
FD001,54,97.0,111.58976745605469,85.36107635498047,137.81845092773438
FD001,55,125.0,106.87786102294922,80.649169921875,133.10655212402344
FD001,56,15.0,25.900768280029297,0.0,52.129459381103516
FD001,57,103.0,75.6229019165039,49.39421081542969,101.85159301757812
FD001,58,37.0,31.410724639892578,5.182033538818359,57.6394157409668
FD001,59,114.0,105.50712585449219,79.27843475341797,131.73580932617188
FD001,60,100.0,95.0355453491211,68.80685424804688,121.26423645019531
FD001,61,21.0,21.638381958007812,0.0,47.86707305908203
FD001,62,54.0,58.3670654296875,32.13837432861328,84.59575653076172
FD001,63,72.0,73.25003814697266,47.02134704589844,99.47872924804688
FD001,64,28.0,33.15318298339844,6.924491882324219,59.381874084472656
FD001,65,125.0,107.34245300292969,81.11376190185547,133.57113647460938
FD001,66,14.0,29.249345779418945,3.0206546783447266,55.47803497314453
FD001,67,77.0,107.90726470947266,81.67857360839844,134.13595581054688
FD001,68,8.0,11.895466804504395,0.0,38.1241569519043
FD001,69,121.0,104.84090423583984,78.61221313476562,131.06959533691406
FD001,70,94.0,82.21137237548828,55.98268127441406,108.4400634765625
FD001,71,118.0,108.72545623779297,82.49676513671875,134.9541473388672
FD001,72,50.0,50.686363220214844,24.457672119140625,76.91505432128906
FD001,73,125.0,102.30941009521484,76.08071899414062,128.53810119628906
FD001,74,125.0,88.4098129272461,62.181121826171875,114.63850402832031
FD001,75,113.0,107.70762634277344,81.47893524169922,133.93630981445312
FD001,76,10.0,9.785445213317871,0.0,36.014137268066406
FD001,77,34.0,32.68931198120117,6.460620880126953,58.91800308227539
FD001,78,107.0,112.51740264892578,86.28871154785156,138.74609375
FD001,79,63.0,72.6930923461914,46.46440124511719,98.92178344726562
FD001,80,90.0,71.27790069580078,45.04920959472656,97.506591796875
FD001,81,8.0,11.147492408752441,0.0,37.376182556152344
FD001,82,9.0,8.440960884094238,0.0,34.66965103149414
FD001,83,125.0,107.04227447509766,80.81358337402344,133.27096557617188
FD001,84,58.0,64.0601577758789,37.83146667480469,90.28884887695312
FD001,86,89.0,100.74822998046875,74.51953887939453,126.97692108154297
FD001,87,116.0,109.00885009765625,82.78015899658203,135.237548828125
FD001,88,115.0,89.35749053955078,63.12879943847656,115.586181640625
FD001,89,125.0,105.75220489501953,79.52351379394531,131.98089599609375
FD001,90,28.0,24.320770263671875,0.0,50.549461364746094
FD001,91,38.0,31.213878631591797,4.985187530517578,57.442569732666016
FD001,92,20.0,31.66217803955078,5.4334869384765625,57.890869140625
FD001,93,85.0,53.0894660949707,26.860774993896484,79.31816101074219
FD001,94,55.0,57.14656066894531,30.917869567871094,83.37525177001953
FD001,95,125.0,105.63751983642578,79.40882873535156,131.8662109375
FD001,96,125.0,110.7173080444336,84.48861694335938,136.9459991455078
FD001,97,82.0,103.7652816772461,77.53659057617188,129.9939727783203
FD001,98,59.0,63.6658821105957,37.437191009521484,89.89457702636719
FD001,99,117.0,109.73143768310547,83.50274658203125,135.9601287841797
FD001,100,20.0,25.114282608032227,0.0,51.34297180175781
FD002,1,18.0,19.49479103088379,0.0,45.723480224609375
FD002,2,79.0,110.39813995361328,84.16944885253906,136.6268310546875
FD002,3,106.0,75.53388977050781,49.305198669433594,101.76258087158203
FD002,4,110.0,98.15005493164062,71.9213638305664,124.37874603271484
FD002,5,15.0,14.141767501831055,0.0,40.370460510253906
FD002,6,125.0,116.43814849853516,90.20945739746094,142.66683959960938
FD002,7,6.0,9.750154495239258,0.0,35.978843688964844
FD002,8,90.0,88.09683990478516,61.86814880371094,114.32553100585938
FD002,9,11.0,13.920699119567871,0.0,40.149391174316406
FD002,10,79.0,109.81404876708984,83.58535766601562,136.04273986816406
FD002,11,6.0,6.4271087646484375,0.0,32.655799865722656
FD002,12,73.0,112.32293701171875,86.09424591064453,138.5516357421875
FD002,13,30.0,30.2117977142334,3.9831066131591797,56.44049072265625
FD002,14,11.0,16.28496551513672,0.0,42.51365661621094
FD002,15,37.0,43.904083251953125,17.675392150878906,70.13277435302734
FD002,16,67.0,95.53409576416016,69.30540466308594,121.76278686523438
FD002,17,68.0,65.4001235961914,39.17143249511719,91.62881469726562
FD002,19,22.0,31.005849838256836,4.777158737182617,57.23454284667969
FD002,20,54.0,87.2409439086914,61.01225280761719,113.46963500976562
FD002,21,97.0,88.47355651855469,62.24486541748047,114.7022476196289
FD002,22,10.0,15.14451789855957,0.0,41.373207092285156
FD002,24,77.0,59.33480453491211,33.10611343383789,85.56349182128906
FD002,25,88.0,86.5232925415039,60.29460144042969,112.75198364257812
FD002,26,125.0,107.46907806396484,81.24038696289062,133.69776916503906
FD002,27,125.0,117.22399139404297,90.99530029296875,143.4526824951172
FD002,29,83.0,105.02254486083984,78.79385375976562,131.25123596191406
FD002,30,78.0,52.098350524902344,25.869659423828125,78.32704162597656
FD002,31,75.0,102.6583480834961,76.42965698242188,128.8870391845703
FD002,32,11.0,21.125680923461914,0.0,47.3543701171875
FD002,33,53.0,71.1249771118164,44.89628601074219,97.35366821289062
FD002,34,125.0,119.26708221435547,93.03839111328125,145.4957733154297
FD002,35,63.0,76.82420349121094,50.59551239013672,103.05289459228516
FD002,36,100.0,80.27790069580078,54.04920959472656,106.506591796875
FD002,38,55.0,53.60974884033203,27.381057739257812,79.83843994140625
FD002,39,48.0,48.21902084350586,21.99032974243164,74.44770812988281
FD002,40,37.0,32.06436538696289,5.835674285888672,58.29305648803711
FD002,41,44.0,33.049285888671875,6.820594787597656,59.277976989746094
FD002,42,27.0,29.099979400634766,2.871288299560547,55.328670501708984
FD002,43,18.0,25.42255401611328,0.0,51.6512451171875
FD002,44,6.0,9.096979141235352,0.0,35.32566833496094
FD002,45,15.0,24.03726577758789,0.0,50.26595687866211
FD002,46,112.0,114.5060043334961,88.27731323242188,140.7346954345703
FD002,47,125.0,87.90384674072266,61.67515563964844,114.13253784179688
FD002,48,13.0,16.945566177368164,0.0,43.17425537109375
FD002,49,122.0,83.19414520263672,56.9654541015625,109.42283630371094
FD002,50,13.0,13.353866577148438,0.0,39.582557678222656
FD002,52,53.0,56.73937225341797,30.51068115234375,82.96806335449219
FD002,53,52.0,39.701663970947266,13.472972869873047,65.93035888671875
FD002,54,106.0,107.9498062133789,81.72111511230469,134.17849731445312
FD002,55,103.0,108.72058868408203,82.49189758300781,134.94927978515625
FD002,56,125.0,114.33055877685547,88.10186767578125,140.5592498779297
FD002,57,123.0,113.76079559326172,87.5321044921875,139.98948669433594
FD002,58,26.0,31.260704040527344,5.032012939453125,57.48939514160156
FD002,60,73.0,68.53761291503906,42.308921813964844,94.76630401611328
FD002,61,125.0,95.43246459960938,69.20377349853516,121.6611557006836
FD002,62,39.0,31.311601638793945,5.082910537719727,57.54029083251953
FD002,63,39.0,56.78425598144531,30.555564880371094,83.01294708251953
FD002,64,14.0,16.267200469970703,0.0,42.49589157104492
FD002,65,11.0,12.231525421142578,0.0,38.4602165222168
FD002,66,121.0,108.43270111083984,82.20401000976562,134.66139221191406
FD002,67,86.0,91.91571807861328,65.68702697753906,118.1444091796875
FD002,68,56.0,54.72896194458008,28.50027084350586,80.95765686035156
FD002,69,115.0,108.38082122802734,82.15213012695312,134.60951232910156
FD002,70,17.0,20.96723747253418,0.0,47.19593048095703
FD002,71,125.0,116.45616149902344,90.22747039794922,142.68484497070312
FD002,72,104.0,66.58247375488281,40.353782653808594,92.81116485595703
FD002,73,78.0,56.36752700805664,30.138835906982422,82.59622192382812
FD002,74,86.0,113.27919006347656,87.05049896240234,139.50787353515625
FD002,75,98.0,89.26500701904297,63.03631591796875,115.49369812011719
FD002,76,36.0,39.1761474609375,12.947456359863281,65.40483856201172
FD002,77,94.0,78.2940902709961,52.065399169921875,104.52278137207031
FD002,78,52.0,73.52162170410156,47.292930603027344,99.75031280517578
FD002,79,91.0,111.07698822021484,84.84829711914062,137.30567932128906
FD002,80,15.0,14.530624389648438,0.0,40.759315490722656
FD002,81,125.0,116.1021957397461,89.87350463867188,142.3308868408203
FD002,82,74.0,90.48286437988281,64.2541732788086,116.71155548095703
FD002,84,17.0,12.475913047790527,0.0,38.70460510253906
FD002,85,47.0,44.43803405761719,18.20934295654297,70.6667251586914
FD002,86,125.0,108.41810607910156,82.18941497802734,134.64678955078125
FD002,87,21.0,26.447919845581055,0.21922874450683594,52.676612854003906
FD002,88,79.0,83.30525970458984,57.076568603515625,109.53395080566406
FD002,89,97.0,78.22908782958984,52.000396728515625,104.45777893066406
FD002,90,8.0,12.536640167236328,0.0,38.76533126831055
FD002,91,9.0,5.453567028045654,0.0,31.68225860595703
FD002,92,73.0,76.52513122558594,50.29644012451172,102.75382232666016
FD002,93,125.0,106.36439514160156,80.13570404052734,132.59307861328125
FD002,94,97.0,91.87639617919922,65.647705078125,118.10508728027344
FD002,95,73.0,101.62931060791016,75.40061950683594,127.85800170898438
FD002,96,49.0,40.367454528808594,14.138763427734375,66.59614562988281
FD002,97,31.0,20.988290786743164,0.0,47.21697998046875
FD002,98,97.0,96.68749237060547,70.45880126953125,122.91618347167969
FD002,99,9.0,10.060491561889648,0.0,36.2891845703125
FD002,100,14.0,22.371068954467773,0.0,48.599761962890625
FD002,102,8.0,8.05865478515625,0.0,34.28734588623047
FD002,103,8.0,8.487177848815918,0.0,34.71586990356445
FD002,104,106.0,107.97509002685547,81.74639892578125,134.2037811279297
FD002,105,116.0,107.30486297607422,81.076171875,133.53355407714844
FD002,106,120.0,106.51533508300781,80.2866439819336,132.7440185546875
FD002,107,61.0,60.44617462158203,34.21748352050781,86.67486572265625
FD002,108,125.0,94.27245330810547,68.04376220703125,120.50114440917969
FD002,109,35.0,57.47458267211914,31.245891571044922,83.70327758789062
FD002,110,80.0,70.64092254638672,44.4122314453125,96.86961364746094
FD002,111,9.0,12.607172966003418,0.0,38.83586502075195
FD002,112,50.0,59.604469299316406,33.37577819824219,85.83316040039062
FD002,114,78.0,94.09943389892578,67.87074279785156,120.328125
FD002,115,91.0,52.88739013671875,26.65869903564453,79.11608123779297
FD002,116,7.0,5.66897439956665,0.0,31.89766502380371
FD002,117,125.0,109.76663208007812,83.5379409790039,135.99533081054688
FD002,118,125.0,102.18526458740234,75.95657348632812,128.41395568847656
FD002,119,106.0,92.22473907470703,65.99604797363281,118.45343017578125
FD002,120,15.0,29.243436813354492,3.0147457122802734,55.472129821777344
FD002,121,67.0,102.1324462890625,75.90375518798828,128.36114501953125
FD002,123,125.0,113.39472198486328,87.16603088378906,139.6234130859375
FD002,124,7.0,16.518064498901367,0.0,42.74675750732422
FD002,125,125.0,111.48616790771484,85.25747680664062,137.71485900878906
FD002,126,124.0,112.90825653076172,86.6795654296875,139.13694763183594
FD002,127,82.0,69.30437469482422,43.07568359375,95.53306579589844
FD002,128,108.0,68.89527130126953,42.66658020019531,95.12396240234375
FD002,129,79.0,80.90576171875,54.67707061767578,107.13445281982422
FD002,130,121.0,111.03730010986328,84.80860900878906,137.2659912109375
FD002,131,120.0,118.34541320800781,92.1167221069336,144.5740966796875
FD002,132,39.0,41.81471633911133,15.58602523803711,68.04341125488281
FD002,133,38.0,50.157562255859375,23.928871154785156,76.3862533569336
FD002,134,9.0,7.9060282707214355,0.0,34.13471984863281
FD002,135,125.0,120.02481842041016,93.79612731933594,146.25350952148438
FD002,136,87.0,66.78952026367188,40.560829162597656,93.0182113647461
FD002,137,88.0,88.28258514404297,62.05389404296875,114.51127624511719
FD002,138,7.0,4.216550827026367,0.0,30.445241928100586
FD002,139,51.0,64.3323974609375,38.10370635986328,90.56108856201172
FD002,140,55.0,50.78874206542969,24.56005096435547,77.0174331665039
FD002,141,125.0,109.82157897949219,83.59288787841797,136.05026245117188
FD002,142,47.0,43.329444885253906,17.100753784179688,69.55813598632812
FD002,143,81.0,69.61888122558594,43.39019012451172,95.84757232666016
FD002,144,43.0,67.26084899902344,41.03215789794922,93.48954010009766
FD002,145,98.0,104.2345199584961,78.00582885742188,130.4632110595703
FD002,146,10.0,12.606922149658203,0.0,38.83561325073242
FD002,147,92.0,110.79410552978516,84.56541442871094,137.02279663085938
FD002,148,11.0,18.57962989807129,0.0,44.808319091796875
FD002,149,125.0,111.00749969482422,84.77880859375,137.23619079589844
FD002,150,34.0,37.72015380859375,11.491462707519531,63.94884490966797
FD002,151,115.0,99.2610855102539,73.03239440917969,125.48977661132812
FD002,152,59.0,86.4490737915039,60.22038269042969,112.67776489257812
FD002,153,99.0,108.15636444091797,81.92767333984375,134.3850555419922
FD002,154,103.0,100.61454772949219,74.38585662841797,126.8432388305664
FD002,155,108.0,117.2838363647461,91.05514526367188,143.5125274658203
FD002,156,83.0,114.42278289794922,88.194091796875,140.65147399902344
FD002,157,125.0,113.97782135009766,87.74913024902344,140.20651245117188
FD002,158,15.0,24.992273330688477,0.0,51.22096252441406
FD002,159,9.0,9.613696098327637,0.0,35.84238815307617
FD002,160,42.0,47.078311920166016,20.849620819091797,73.3070068359375
FD002,161,13.0,14.724625587463379,0.0,40.95331573486328
FD002,162,41.0,41.63393020629883,15.40523910522461,67.86262512207031
FD002,163,88.0,90.90983581542969,64.68114471435547,117.1385269165039
FD002,164,14.0,11.91212272644043,0.0,38.14081573486328
FD002,166,125.0,113.4722671508789,87.24357604980469,139.70095825195312
FD002,167,96.0,99.83063507080078,73.60194396972656,126.059326171875
FD002,168,82.0,85.9061050415039,59.67741394042969,112.13479614257812
FD002,169,125.0,106.73019409179688,80.50150299072266,132.95889282226562
FD002,170,125.0,112.9973373413086,86.76864624023438,139.2260284423828
FD002,171,36.0,35.00849151611328,8.779800415039062,61.2371826171875
FD002,172,107.0,85.21427154541016,58.98558044433594,111.44296264648438
FD002,173,14.0,14.832609176635742,0.0,41.061302185058594
FD002,174,95.0,92.39142608642578,66.16273498535156,118.6201171875
FD002,175,125.0,116.19746398925781,89.9687728881836,142.4261474609375
FD002,176,23.0,29.248775482177734,3.0200843811035156,55.47746658325195
FD002,177,6.0,7.9326677322387695,0.0,34.16135787963867
FD002,178,125.0,107.44213104248047,81.21343994140625,133.6708221435547
FD002,179,35.0,28.916656494140625,2.6879653930664062,55.145347595214844
FD002,180,97.0,105.01758575439453,78.78889465332031,131.24627685546875
FD002,181,68.0,57.48493957519531,31.256248474121094,83.71363067626953
FD002,182,14.0,16.535900115966797,0.0,42.764591217041016
FD002,183,67.0,73.00450897216797,46.77581787109375,99.23320007324219
FD002,184,125.0,115.6993637084961,89.47067260742188,141.9280548095703
FD002,185,19.0,17.52642250061035,0.0,43.75511169433594
FD002,186,10.0,6.880603313446045,0.0,33.10929489135742
FD002,187,125.0,95.81159210205078,69.58290100097656,122.040283203125
FD002,188,125.0,107.25232696533203,81.02363586425781,133.48101806640625
FD002,189,43.0,52.656829833984375,26.428138732910156,78.8855209350586
FD002,190,12.0,13.51936149597168,0.0,39.74805450439453
FD002,191,125.0,101.15874481201172,74.9300537109375,127.38743591308594
FD002,192,13.0,18.183032989501953,0.0,44.41172409057617
FD002,193,37.0,36.44606399536133,10.21737289428711,62.67475509643555
FD002,194,122.0,114.80799102783203,88.57929992675781,141.03668212890625
FD002,195,80.0,70.15805053710938,43.929359436035156,96.3867416381836
FD002,196,93.0,108.46041107177734,82.23171997070312,134.68910217285156
FD002,197,125.0,115.47950744628906,89.25081634521484,141.70819091796875
FD002,198,32.0,65.85918426513672,39.6304931640625,92.08787536621094
FD002,199,103.0,110.17339324951172,83.9447021484375,136.40208435058594
FD002,200,125.0,105.50472259521484,79.27603149414062,131.73341369628906
FD002,202,68.0,101.242919921875,75.01422882080078,127.47161102294922
FD002,203,125.0,115.6620101928711,89.43331909179688,141.8907012939453
FD002,206,48.0,66.95684051513672,40.7281494140625,93.18553161621094
FD002,207,85.0,111.42415618896484,85.19546508789062,137.65284729003906
FD002,208,8.0,12.012188911437988,0.0,38.24087905883789
FD002,209,23.0,33.693206787109375,7.464515686035156,59.921897888183594
FD002,210,8.0,10.903181076049805,0.0,37.131874084472656
FD002,211,6.0,8.851814270019531,0.0,35.08050537109375
FD002,212,57.0,54.080909729003906,27.852218627929688,80.30960083007812
FD002,213,83.0,81.57311248779297,55.34442138671875,107.80180358886719
FD002,214,125.0,112.59333038330078,86.36463928222656,138.822021484375
FD002,215,101.0,106.59397888183594,80.36528778076172,132.82266235351562
FD002,216,81.0,71.0892333984375,44.86054229736328,97.31792449951172
FD002,219,73.0,86.24571990966797,60.01702880859375,112.47441101074219
FD002,220,121.0,106.43080139160156,80.20211029052734,132.65948486328125
FD002,221,125.0,104.89360809326172,78.6649169921875,131.12229919433594
FD002,222,75.0,59.126792907714844,32.898101806640625,85.35548400878906
FD002,225,11.0,14.752426147460938,0.0,40.981117248535156
FD002,226,108.0,95.30184936523438,69.07315826416016,121.5305404663086
FD002,227,14.0,13.083383560180664,0.0,39.31207275390625
FD002,229,61.0,100.70284271240234,74.47415161132812,126.93153381347656
FD002,230,85.0,107.65447235107422,81.42578125,133.88316345214844
FD002,231,8.0,12.456419944763184,0.0,38.68511199951172
FD002,232,101.0,98.2764892578125,72.04779815673828,124.50518035888672
FD002,234,89.0,121.57430267333984,95.34561157226562,147.80299377441406
FD002,235,125.0,111.76168823242188,85.53299713134766,137.99038696289062
FD002,236,12.0,17.930356979370117,0.0,44.15904998779297
FD002,237,62.0,59.70072937011719,33.47203826904297,85.9294204711914
FD002,238,125.0,116.45182037353516,90.22312927246094,142.68051147460938
FD002,239,101.0,105.83686065673828,79.60816955566406,132.0655517578125
FD002,240,121.0,97.76762390136719,71.53893280029297,123.9963150024414
FD002,242,17.0,17.170682907104492,0.0,43.399375915527344
FD002,245,16.0,14.93989086151123,0.0,41.168582916259766
FD002,246,125.0,110.756591796875,84.52790069580078,136.98529052734375
FD002,247,125.0,117.12969207763672,90.9010009765625,143.35838317871094
FD002,248,56.0,73.53868865966797,47.30999755859375,99.76737976074219
FD002,250,23.0,24.066667556762695,0.0,50.29535675048828
FD002,251,84.0,95.71257781982422,69.48388671875,121.94126892089844
FD002,252,12.0,11.139143943786621,0.0,37.367835998535156
FD002,253,43.0,50.770042419433594,24.541351318359375,76.99873352050781
FD002,254,48.0,49.88338851928711,23.65469741821289,76.11207580566406
FD002,255,122.0,110.24483489990234,84.01614379882812,136.47352600097656
FD002,256,125.0,99.1106948852539,72.88200378417969,125.33938598632812
FD002,257,56.0,47.483436584472656,21.254745483398438,73.71212768554688
FD002,258,125.0,103.34143829345703,77.11274719238281,129.57012939453125
FD002,259,51.0,77.13118743896484,50.902496337890625,103.35987854003906
FD003,1,44.0,54.085872650146484,27.857181549072266,80.31455993652344
FD003,2,51.0,53.92361831665039,27.694927215576172,80.15231323242188
FD003,3,27.0,35.451560974121094,9.222869873046875,61.68025207519531
FD003,4,120.0,104.42171478271484,78.19302368164062,130.65040588378906
FD003,5,101.0,99.87364959716797,73.64495849609375,126.10234069824219
FD003,6,99.0,101.6101303100586,75.38143920898438,127.83882141113281
FD003,7,71.0,57.97686767578125,31.74817657470703,84.20555877685547
FD003,8,55.0,48.27134704589844,22.04265594482422,74.50003814697266
FD003,9,55.0,43.054283142089844,16.825592041015625,69.28297424316406
FD003,10,66.0,97.25791931152344,71.02922821044922,123.48661041259766
FD003,11,77.0,89.0477066040039,62.81901550292969,115.27639770507812
FD003,12,115.0,93.24881744384766,67.02012634277344,119.47750854492188
FD003,13,115.0,100.35631561279297,74.12762451171875,126.58500671386719
FD003,14,31.0,41.14067077636719,14.911979675292969,67.3693618774414
FD003,15,108.0,110.20772552490234,83.97903442382812,136.43641662597656
FD003,16,56.0,77.64541625976562,51.416725158691406,103.87410736083984
FD003,17,125.0,111.83788299560547,85.60919189453125,138.0665740966797
FD003,18,125.0,107.35660552978516,81.12791442871094,133.58529663085938
FD003,19,85.0,101.73868560791016,75.50999450683594,127.96737670898438
FD003,20,56.0,59.104217529296875,32.875526428222656,85.3329086303711
FD003,21,18.0,15.59260368347168,0.0,41.82129669189453
FD003,22,119.0,112.03306579589844,85.80437469482422,138.26174926757812
FD003,23,78.0,62.29786682128906,36.069175720214844,88.52655792236328
FD003,24,9.0,9.139789581298828,0.0,35.36848068237305
FD003,25,58.0,42.994178771972656,16.765487670898438,69.22286987304688
FD003,26,11.0,11.913612365722656,0.0,38.142303466796875
FD003,27,88.0,105.56620025634766,79.33750915527344,131.79489135742188
FD003,28,125.0,113.0386734008789,86.80998229980469,139.26736450195312
FD003,29,124.0,106.52336120605469,80.29467010498047,132.75204467773438
FD003,30,89.0,78.18228912353516,51.95359802246094,104.41098022460938
FD003,31,79.0,109.01129913330078,82.78260803222656,135.239990234375
FD003,32,55.0,69.84715270996094,43.61846160888672,96.07584381103516
FD003,33,71.0,69.54735565185547,43.31866455078125,95.77604675292969
FD003,34,65.0,90.6624755859375,64.43378448486328,116.89116668701172
FD003,35,87.0,104.62641143798828,78.39772033691406,130.8551025390625
FD003,36,125.0,110.71258544921875,84.48389434814453,136.9412841796875
FD003,38,22.0,22.672653198242188,0.0,48.901344299316406
FD003,39,8.0,8.956489562988281,0.0,35.1851806640625
FD003,40,41.0,32.62207794189453,6.3933868408203125,58.85076904296875
FD003,41,125.0,112.5551528930664,86.32646179199219,138.78384399414062
FD003,42,115.0,94.72608184814453,68.49739074707031,120.95477294921875
FD003,43,125.0,113.1688232421875,86.94013214111328,139.39752197265625
FD003,44,69.0,62.36085891723633,36.13216781616211,88.58955383300781
FD003,45,111.0,109.24756622314453,83.01887512207031,135.47625732421875
FD003,46,7.0,15.334671974182129,0.0,41.56336212158203
FD003,47,125.0,99.7972640991211,73.56857299804688,126.02595520019531
FD003,48,55.0,46.6910400390625,20.46234893798828,72.91973114013672
FD003,49,125.0,111.79109954833984,85.56240844726562,138.01979064941406
FD003,50,11.0,17.749229431152344,0.0,43.97792053222656
FD003,51,78.0,60.4613151550293,34.23262405395508,86.69000244140625
FD003,53,87.0,92.41606903076172,66.1873779296875,118.64476013183594
FD003,54,87.0,107.13640594482422,80.90771484375,133.36509704589844
FD003,55,55.0,48.6067008972168,22.378009796142578,74.83538818359375
FD003,56,93.0,88.72407531738281,62.495384216308594,114.95276641845703
FD003,57,88.0,54.668678283691406,28.439987182617188,80.89736938476562
FD003,58,40.0,50.79100799560547,24.56231689453125,77.01969909667969
FD003,59,49.0,57.23039245605469,31.00170135498047,83.4590835571289
FD003,60,125.0,103.36798858642578,77.13929748535156,129.5966796875
FD003,61,125.0,111.67147064208984,85.44277954101562,137.90016174316406
FD003,62,58.0,56.58517074584961,30.35647964477539,82.81385803222656
FD003,63,117.0,113.39252471923828,87.16383361816406,139.6212158203125
FD003,64,28.0,30.452587127685547,4.223896026611328,56.681278228759766
FD003,65,115.0,110.52500915527344,84.29631805419922,136.75369262695312
FD003,66,87.0,82.15599822998047,55.92730712890625,108.38468933105469
FD003,67,92.0,105.6661148071289,79.43742370605469,131.89480590820312
FD003,68,103.0,109.68695068359375,83.45825958251953,135.9156494140625
FD003,69,100.0,109.80618286132812,83.5774917602539,136.03488159179688
FD003,70,63.0,62.589141845703125,36.360450744628906,88.81783294677734
FD003,71,35.0,32.005462646484375,5.776771545410156,58.234153747558594
FD003,72,45.0,50.612098693847656,24.383407592773438,76.84078979492188
FD003,73,99.0,110.58800506591797,84.35931396484375,136.8166961669922
FD003,74,117.0,110.33846282958984,84.10977172851562,136.56715393066406
FD003,75,45.0,36.13926315307617,9.910572052001953,62.36795425415039
FD003,76,27.0,22.51759910583496,0.0,48.74629211425781
FD003,77,86.0,84.84986114501953,58.62117004394531,111.07855224609375
FD003,78,20.0,21.186344146728516,0.0,47.415035247802734
FD003,79,18.0,19.52120590209961,0.0,45.74989700317383
FD003,80,125.0,107.92862701416016,81.69993591308594,134.15731811523438
FD003,81,15.0,21.90451431274414,0.0,48.13320541381836
FD003,82,6.0,7.425160884857178,0.0,33.65385055541992
FD003,83,125.0,89.47547149658203,63.24678039550781,115.70416259765625
FD003,84,104.0,104.9466781616211,78.71798706054688,131.1753692626953
FD003,85,56.0,101.80956268310547,75.58087158203125,128.0382537841797
FD003,86,25.0,32.156463623046875,5.927772521972656,58.385154724121094
FD003,87,68.0,97.1014633178711,70.87277221679688,123.33015441894531
FD003,89,41.0,62.54475402832031,36.316062927246094,88.77344512939453
FD003,90,51.0,49.99078369140625,23.76209259033203,76.21947479248047
FD003,91,81.0,99.2101058959961,72.98141479492188,125.43879699707031
FD003,92,14.0,15.093372344970703,0.0,41.32206344604492
FD003,93,67.0,72.57738494873047,46.34869384765625,98.80607604980469
FD003,94,10.0,11.508298873901367,0.0,37.73699188232422
FD003,95,125.0,80.79341888427734,54.564727783203125,107.02210998535156
FD003,96,113.0,102.22867584228516,75.99998474121094,128.45736694335938
FD003,97,123.0,112.57495880126953,86.34626770019531,138.80364990234375
FD003,98,17.0,26.51970672607422,0.291015625,52.74839782714844
FD003,99,8.0,8.985742568969727,0.0,35.21443176269531
FD003,100,28.0,24.76903533935547,0.0,50.99772644042969
FD004,1,22.0,27.000072479248047,0.7713813781738281,53.228763580322266
FD004,2,39.0,53.40610885620117,27.177417755126953,79.63479614257812
FD004,3,107.0,107.57424926757812,81.3455581665039,133.80294799804688
FD004,4,75.0,84.19934844970703,57.97065734863281,110.42803955078125
FD004,5,125.0,87.59134674072266,61.36265563964844,113.82003784179688
FD004,6,78.0,109.43524932861328,83.20655822753906,135.6639404296875
FD004,7,94.0,94.4640121459961,68.23532104492188,120.69270324707031
FD004,8,14.0,16.638145446777344,0.0,42.86683654785156
FD004,9,99.0,109.61758422851562,83.3888931274414,135.84628295898438
FD004,11,125.0,117.2256088256836,90.99691772460938,143.4542999267578
FD004,12,7.0,8.697257995605469,0.0,34.92594909667969
FD004,13,71.0,69.88275909423828,43.65406799316406,96.1114501953125
FD004,14,105.0,94.18946075439453,67.96076965332031,120.41815185546875
FD004,15,12.0,14.572153091430664,0.0,40.80084228515625
FD004,16,125.0,114.0102310180664,87.78153991699219,140.23892211914062
FD004,17,125.0,104.18035125732422,77.95166015625,130.40904235839844
FD004,18,104.0,117.18126678466797,90.95257568359375,143.4099578857422
FD004,20,82.0,85.86286163330078,59.63417053222656,112.091552734375
FD004,21,91.0,106.17017364501953,79.94148254394531,132.39886474609375
FD004,22,11.0,20.78363037109375,0.0,47.01232147216797
FD004,23,26.0,29.84872817993164,3.620037078857422,56.07741928100586
FD004,24,125.0,82.84203338623047,56.61334228515625,109.07072448730469
FD004,25,39.0,44.43894958496094,18.21025848388672,70.66764068603516
FD004,26,92.0,95.41314697265625,69.18445587158203,121.64183807373047
FD004,27,76.0,78.83444213867188,52.605751037597656,105.0631332397461
FD004,29,64.0,87.2015609741211,60.972869873046875,113.43025207519531
FD004,30,118.0,96.49674224853516,70.26805114746094,122.72543334960938
FD004,31,6.0,11.448366165161133,0.0,37.67705535888672
FD004,32,22.0,25.219558715820312,0.0,51.44824981689453
FD004,33,125.0,120.46568298339844,94.23699188232422,146.69436645507812
FD004,34,125.0,88.32303619384766,62.09434509277344,114.55172729492188
FD004,35,36.0,30.339176177978516,4.110485076904297,56.567867279052734
FD004,36,73.0,71.36100769042969,45.13231658935547,97.5896987915039
FD004,37,89.0,87.67595672607422,61.447265625,113.90464782714844
FD004,38,11.0,13.06937026977539,0.0,39.29806137084961
FD004,39,125.0,97.18693542480469,70.95824432373047,123.4156265258789
FD004,40,10.0,12.390615463256836,0.0,38.61930847167969
FD004,41,97.0,86.68328094482422,60.45458984375,112.91197204589844
FD004,42,30.0,32.496150970458984,6.267459869384766,58.7248420715332
FD004,43,42.0,54.318328857421875,28.089637756347656,80.5470199584961
FD004,44,60.0,61.56720733642578,35.33851623535156,87.7958984375
FD004,45,85.0,109.28154754638672,83.0528564453125,135.51023864746094
FD004,47,34.0,35.44768524169922,9.218994140625,61.67637634277344
FD004,48,45.0,71.14997863769531,44.921287536621094,97.37866973876953
FD004,49,24.0,31.201263427734375,4.972572326660156,57.429954528808594
FD004,50,86.0,95.11748504638672,68.8887939453125,121.34617614746094
FD004,51,119.0,105.49320983886719,79.26451873779297,131.72189331054688
FD004,52,125.0,110.5702133178711,84.34152221679688,136.7989044189453
FD004,53,125.0,117.31572723388672,91.0870361328125,143.54441833496094
FD004,54,125.0,94.46133422851562,68.2326431274414,120.69002532958984
FD004,55,125.0,118.23809051513672,92.0093994140625,144.46678161621094
FD004,56,67.0,88.21794128417969,61.98925018310547,114.4466323852539
FD004,57,97.0,112.39411163330078,86.16542053222656,138.622802734375
FD004,58,8.0,9.01820182800293,0.0,35.24689483642578
FD004,60,125.0,120.56973266601562,94.3410415649414,146.79843139648438
FD004,61,51.0,40.68239212036133,14.45370101928711,66.91108703613281
FD004,62,33.0,49.07986068725586,22.85116958618164,75.30854797363281
FD004,63,125.0,114.95685577392578,88.72816467285156,141.185546875
FD004,64,46.0,42.13555908203125,15.906867980957031,68.36425018310547
FD004,65,12.0,13.597879409790039,0.0,39.826568603515625
FD004,66,125.0,120.73896026611328,94.51026916503906,146.9676513671875
FD004,67,46.0,54.30650329589844,28.07781219482422,80.53519439697266
FD004,68,46.0,37.85382843017578,11.625137329101562,64.08251953125
FD004,69,12.0,17.00459861755371,0.0,43.23329162597656
FD004,70,33.0,32.47875213623047,6.25006103515625,58.70744323730469
FD004,71,15.0,16.383941650390625,0.0,42.612632751464844
FD004,72,125.0,113.26361083984375,87.03491973876953,139.4923095703125
FD004,73,23.0,31.815765380859375,5.587074279785156,58.044456481933594
FD004,74,89.0,110.66912078857422,84.4404296875,136.89781188964844
FD004,75,124.0,109.0579605102539,82.82926940917969,135.28665161132812
FD004,77,25.0,28.5906925201416,2.362001419067383,54.81938171386719
FD004,78,74.0,90.62129211425781,64.3926010131836,116.84998321533203
FD004,79,78.0,87.2638931274414,61.03520202636719,113.49258422851562
FD004,80,114.0,107.04324340820312,80.8145523071289,133.27194213867188
FD004,81,96.0,115.276123046875,89.04743194580078,141.50482177734375
FD004,82,10.0,17.952198028564453,0.0,44.18088912963867
FD004,83,125.0,112.62722778320312,86.3985366821289,138.85592651367188
FD004,84,125.0,113.63772583007812,87.4090347290039,139.86642456054688
FD004,85,115.0,116.5174789428711,90.28878784179688,142.7461700439453
FD004,86,70.0,75.8434066772461,49.614715576171875,102.07209777832031
FD004,87,94.0,114.03563690185547,87.80694580078125,140.2643280029297
FD004,88,56.0,66.48078155517578,40.25209045410156,92.70947265625
FD004,89,86.0,74.6180648803711,48.389373779296875,100.84675598144531
FD004,90,96.0,68.12653350830078,41.89784240722656,94.355224609375
FD004,91,50.0,59.3857421875,33.15705108642578,85.61443328857422
FD004,92,73.0,89.92400360107422,63.6953125,116.15269470214844
FD004,93,125.0,118.24077606201172,92.0120849609375,144.46946716308594
FD004,94,125.0,109.1653060913086,82.93661499023438,135.3939971923828
FD004,95,125.0,115.5190200805664,89.29032897949219,141.74771118164062
FD004,96,71.0,96.71466064453125,70.48596954345703,122.94335174560547
FD004,97,105.0,90.25911712646484,64.03042602539062,116.48780822753906
FD004,98,113.0,110.72935485839844,84.50066375732422,136.95803833007812
FD004,99,37.0,54.316829681396484,28.088138580322266,80.54551696777344
FD004,100,7.0,14.656187057495117,0.0,40.88488006591797
FD004,101,13.0,18.489093780517578,0.0,44.7177848815918
FD004,102,22.0,20.889629364013672,0.0,47.11832046508789
FD004,103,9.0,14.914939880371094,0.0,41.14363098144531
FD004,104,120.0,116.86002349853516,90.63133239746094,143.08871459960938
FD004,105,100.0,91.9878158569336,65.75912475585938,118.21650695800781
FD004,106,107.0,69.76941680908203,43.54072570800781,95.99810791015625
FD004,107,41.0,64.88658905029297,38.65789794921875,91.11528015136719
FD004,108,125.0,115.8831558227539,89.65446472167969,142.11184692382812
FD004,109,125.0,114.41676330566406,88.18807220458984,140.64544677734375
FD004,110,59.0,62.15127944946289,35.92258834838867,88.37997436523438
FD004,111,18.0,14.26551628112793,0.0,40.49420928955078
FD004,112,66.0,88.7582015991211,62.529510498046875,114.98689270019531
FD004,113,13.0,18.7403621673584,0.0,44.96905517578125
FD004,114,14.0,30.213489532470703,3.9847984313964844,56.44218063354492
FD004,115,125.0,117.53905487060547,91.31036376953125,143.7677459716797
FD004,116,13.0,9.381677627563477,0.0,35.61036682128906
FD004,117,75.0,106.44046783447266,80.21177673339844,132.66915893554688
FD004,118,8.0,10.967706680297852,0.0,37.19639587402344
FD004,119,109.0,101.26334381103516,75.03465270996094,127.49203491210938
FD004,120,125.0,89.87059020996094,63.64189910888672,116.09928131103516
FD004,121,41.0,45.69768524169922,19.468994140625,71.92637634277344
FD004,122,125.0,113.63500213623047,87.40631103515625,139.8636932373047
FD004,123,23.0,31.036476135253906,4.8077850341796875,57.265167236328125
FD004,124,86.0,76.30977630615234,50.081085205078125,102.53846740722656
FD004,126,15.0,21.974035263061523,0.0,48.202728271484375
FD004,127,125.0,108.91309356689453,82.68440246582031,135.14178466796875
FD004,128,125.0,119.77870178222656,93.55001068115234,146.00738525390625
FD004,129,120.0,113.96582794189453,87.73713684082031,140.19451904296875
FD004,130,125.0,68.13954162597656,41.910850524902344,94.36823272705078
FD004,131,101.0,76.43163299560547,50.20294189453125,102.66032409667969
FD004,132,116.0,100.56571197509766,74.33702087402344,126.79440307617188
FD004,133,125.0,113.96530151367188,87.73661041259766,140.19400024414062
FD004,134,36.0,38.5299072265625,12.301216125488281,64.75859832763672
FD004,135,7.0,8.992172241210938,0.0,35.220863342285156
FD004,136,122.0,105.77266693115234,79.54397583007812,132.00135803222656
FD004,137,125.0,108.76465606689453,82.53596496582031,134.99334716796875
FD004,138,88.0,76.31352996826172,50.0848388671875,102.54222106933594
FD004,139,125.0,111.39278411865234,85.16409301757812,137.62147521972656
FD004,140,125.0,105.92572784423828,79.69703674316406,132.1544189453125
FD004,142,108.0,118.06878662109375,91.84009552001953,144.2974853515625
FD004,143,53.0,66.409912109375,40.18122100830078,92.63860321044922
FD004,145,59.0,64.89408111572266,38.66539001464844,91.12277221679688
FD004,146,100.0,118.13612365722656,91.90743255615234,144.36480712890625
FD004,147,56.0,88.8532943725586,62.624603271484375,115.08198547363281
FD004,148,125.0,115.38631439208984,89.15762329101562,141.61500549316406
FD004,149,76.0,100.01541900634766,73.78672790527344,126.24411010742188
FD004,150,57.0,46.22380065917969,19.99510955810547,72.4524917602539
FD004,151,31.0,20.615949630737305,0.0,46.844642639160156
FD004,152,88.0,101.86408233642578,75.63539123535156,128.0927734375
FD004,153,125.0,115.32476043701172,89.0960693359375,141.55345153808594
FD004,154,34.0,38.91270065307617,12.684009552001953,65.14138793945312
FD004,155,7.0,9.216568946838379,0.0,35.44525909423828
FD004,157,125.0,110.68448638916016,84.45579528808594,136.91317749023438
FD004,158,6.0,12.13355827331543,0.0,38.36225128173828
FD004,159,22.0,26.325153350830078,0.09646224975585938,52.5538444519043
FD004,160,83.0,109.50772094726562,83.2790298461914,135.73641967773438
FD004,161,82.0,86.9197769165039,60.69108581542969,113.14846801757812
FD004,162,84.0,81.02910614013672,54.8004150390625,107.25779724121094
FD004,163,95.0,111.2699203491211,85.04122924804688,137.4986114501953
FD004,165,111.0,114.71782684326172,88.4891357421875,140.94651794433594
FD004,166,72.0,112.09691619873047,85.86822509765625,138.3256072998047
FD004,167,109.0,117.69322967529297,91.46453857421875,143.9219207763672
FD004,168,87.0,91.76495361328125,65.53626251220703,117.99364471435547
FD004,171,125.0,94.59600067138672,68.3673095703125,120.82469177246094
FD004,172,12.0,16.244504928588867,0.0,42.47319793701172
FD004,173,8.0,6.07859468460083,0.0,32.30728530883789
FD004,174,10.0,13.173441886901855,0.0,39.40213394165039
FD004,175,123.0,83.36888122558594,57.14019012451172,109.59757232666016
FD004,176,103.0,102.29097747802734,76.06228637695312,128.51966857910156
FD004,177,12.0,23.5472412109375,0.0,49.77593231201172
FD004,178,106.0,99.524658203125,73.29596710205078,125.75334930419922
FD004,179,12.0,13.032761573791504,0.0,39.261451721191406
FD004,180,32.0,34.42532730102539,8.196636199951172,60.65401840209961
FD004,181,37.0,26.82809066772461,0.5993995666503906,53.05678176879883
FD004,182,116.0,113.9638442993164,87.73515319824219,140.19253540039062
FD004,183,15.0,18.494556427001953,0.0,44.72324752807617
FD004,184,10.0,8.582918167114258,0.0,34.811607360839844
FD004,185,46.0,41.13331604003906,14.904624938964844,67.36200714111328
FD004,187,24.0,31.436542510986328,5.207851409912109,57.66523361206055
FD004,188,125.0,115.43611907958984,89.20742797851562,141.66481018066406
FD004,189,56.0,104.50765228271484,78.27896118164062,130.73634338378906
FD004,190,43.0,51.96992492675781,25.741233825683594,78.19861602783203
FD004,191,125.0,115.41519927978516,89.18650817871094,141.64389038085938
FD004,192,71.0,70.29688262939453,44.06819152832031,96.52557373046875
FD004,193,104.0,95.9537582397461,69.72506713867188,122.18244934082031
FD004,194,15.0,28.68019676208496,2.451505661010742,54.90888977050781
FD004,195,125.0,109.5534896850586,83.32479858398438,135.7821807861328
FD004,196,89.0,115.33995056152344,89.11125946044922,141.56863403320312
FD004,197,36.0,44.86669921875,18.63800811767578,71.09539031982422
FD004,198,11.0,12.284867286682129,0.0,38.51355743408203
FD004,199,92.0,63.49356460571289,37.26487350463867,89.72225952148438
FD004,200,96.0,90.4359130859375,64.20722198486328,116.66460418701172
FD004,201,59.0,88.51415252685547,62.28546142578125,114.74284362792969
FD004,202,13.0,12.731754302978516,0.0,38.960445404052734
FD004,203,125.0,112.23705291748047,86.00836181640625,138.4657440185547
FD004,205,125.0,96.4244155883789,70.19572448730469,122.65310668945312
FD004,206,109.0,93.0261459350586,66.79745483398438,119.25483703613281
FD004,207,116.0,111.7739486694336,85.54525756835938,138.0026397705078
FD004,208,91.0,86.01310729980469,59.78441619873047,112.2417984008789
FD004,209,11.0,24.49020004272461,0.0,50.71889114379883
FD004,210,88.0,85.96700286865234,59.738311767578125,112.19569396972656
FD004,211,108.0,114.32433319091797,88.09564208984375,140.5530242919922
FD004,212,76.0,67.51940155029297,41.29071044921875,93.74809265136719
FD004,213,14.0,22.40169906616211,0.0,48.63039016723633
FD004,214,89.0,85.4665756225586,59.237884521484375,111.69526672363281
FD004,215,125.0,110.72515869140625,84.49646759033203,136.953857421875
FD004,216,17.0,21.027191162109375,0.0,47.255882263183594
FD004,217,66.0,62.11506271362305,35.88637161254883,88.34375
FD004,218,125.0,112.53184509277344,86.30315399169922,138.76052856445312
FD004,219,41.0,41.28358459472656,15.054893493652344,67.51227569580078
FD004,220,125.0,117.03108215332031,90.8023910522461,143.259765625
FD004,221,73.0,74.56990814208984,48.341217041015625,100.79859924316406
FD004,222,39.0,57.31703186035156,31.088340759277344,83.54572296142578
FD004,223,58.0,49.47721862792969,23.24852752685547,75.7059097290039
FD004,224,14.0,11.720598220825195,0.0,37.94928741455078
FD004,226,88.0,107.70687103271484,81.47817993164062,133.93556213378906
FD004,227,125.0,116.38005828857422,90.1513671875,142.60874938964844
FD004,228,125.0,117.38945770263672,91.1607666015625,143.61814880371094
FD004,230,98.0,107.37450408935547,81.14581298828125,133.6031951904297
FD004,231,33.0,48.607215881347656,22.378524780273438,74.83590698242188
FD004,232,125.0,116.12186431884766,89.89317321777344,142.35055541992188
FD004,233,110.0,114.02593231201172,87.7972412109375,140.25462341308594
FD004,234,68.0,45.42132568359375,19.19263458251953,71.65001678466797
FD004,235,24.0,31.53211784362793,5.303426742553711,57.76081085205078
FD004,236,75.0,81.12864685058594,54.89995574951172,107.35733795166016
FD004,237,18.0,19.38201904296875,0.0,45.61071014404297
FD004,238,16.0,13.652833938598633,0.0,39.88152313232422
FD004,240,98.0,36.67552947998047,10.44683837890625,62.90422058105469
FD004,242,81.0,101.46414184570312,75.2354507446289,127.69283294677734
FD004,243,118.0,96.33748626708984,70.10879516601562,122.56617736816406
FD004,244,35.0,63.652305603027344,37.423614501953125,89.88099670410156
FD004,245,125.0,116.81407165527344,90.58538055419922,143.04275512695312
FD004,247,112.0,98.20856475830078,71.97987365722656,124.437255859375
FD004,248,26.0,30.613752365112305,4.385061264038086,56.842445373535156
