dataset,engine_id,y_true,y_pred,delta,abs_delta,pct_abs_error
FD004,240,98.0,36.463436126708984,-61.536563873291016,61.536563873291016,62.79241211560308
FD004,34,125.0,72.24560546875,-52.75439453125,52.75439453125,42.203515625
FD004,171,125.0,75.12519836425781,-49.87480163574219,49.87480163574219,39.89984130859375
FD002,151,115.0,65.18077087402344,-49.81922912597656,49.81922912597656,43.32106880519701
FD003,54,87.0,136.51734924316406,49.51734924316406,49.51734924316406,56.916493382947195
FD004,189,56.0,103.63638305664062,47.636383056640625,47.636383056640625,85.06496974400112
FD003,96,113.0,66.7086181640625,-46.2913818359375,46.2913818359375,40.965824633573014
FD004,137,125.0,80.42385864257812,-44.576141357421875,44.576141357421875,35.6609130859375
FD002,170,125.0,80.58625030517578,-44.41374969482422,44.41374969482422,35.530999755859376
FD004,106,107.0,63.519466400146484,-43.480533599853516,43.480533599853516,40.63601271014347
FD004,117,75.0,117.69852447509766,42.698524475097656,42.698524475097656,56.931365966796875
FD002,47,125.0,82.4446792602539,-42.555320739746094,42.555320739746094,34.044256591796874
FD004,37,89.0,46.54909896850586,-42.45090103149414,42.45090103149414,47.69764160842038
FD002,121,67.0,108.8916244506836,41.891624450683594,41.891624450683594,62.52481261296059
FD004,175,123.0,81.56084442138672,-41.43915557861328,41.43915557861328,33.69037038911649
FD004,61,51.0,9.679952621459961,-41.32004737854004,41.32004737854004,81.01970074223537
FD003,16,56.0,97.31034088134766,41.310340881347656,41.310340881347656,73.76846585954938
FD002,86,125.0,84.07041931152344,-40.92958068847656,40.92958068847656,32.74366455078125
FD001,67,77.0,117.45156860351562,40.451568603515625,40.451568603515625,52.534504679890425
FD004,24,125.0,85.18523406982422,-39.81476593017578,39.81476593017578,31.851812744140624
FD002,125,125.0,86.7777099609375,-38.2222900390625,38.2222900390625,30.57783203125
FD004,105,100.0,62.33244705200195,-37.66755294799805,37.66755294799805,37.66755294799805
FD004,43,42.0,79.63412475585938,37.634124755859375,37.634124755859375,89.60505894252232
FD002,202,68.0,105.04476928710938,37.044769287109375,37.044769287109375,54.477601892807904
FD004,39,125.0,88.34184265136719,-36.65815734863281,36.65815734863281,29.326525878906253
FD004,153,125.0,88.46562194824219,-36.53437805175781,36.53437805175781,29.22750244140625
FD001,79,63.0,99.22522735595703,36.22522735595703,36.22522735595703,57.50036088247148
FD002,31,75.0,111.02751159667969,36.02751159667969,36.02751159667969,48.03668212890625
FD004,41,97.0,61.04985427856445,-35.95014572143555,35.95014572143555,37.06200589838716
FD002,35,63.0,98.68717956542969,35.68717956542969,35.68717956542969,56.646316770523306
FD003,85,56.0,91.66968536376953,35.66968536376953,35.66968536376953,63.695866721017026
FD001,30,115.0,79.59310913085938,-35.406890869140625,35.406890869140625,30.78860075577446
FD002,178,125.0,89.65675354003906,-35.34324645996094,35.34324645996094,28.27459716796875
FD002,112,50.0,85.1275634765625,35.1275634765625,35.1275634765625,70.255126953125
FD001,93,85.0,50.112030029296875,-34.887969970703125,34.887969970703125,41.044670553768384
FD004,201,59.0,93.76223754882812,34.762237548828125,34.762237548828125,58.91904669292902
FD004,198,11.0,45.64530563354492,34.64530563354492,34.64530563354492,314.9573239413175
FD003,89,41.0,75.00392150878906,34.00392150878906,34.00392150878906,82.93639392387576
FD002,61,125.0,91.31303405761719,-33.68696594238281,33.68696594238281,26.94957275390625
FD002,191,125.0,91.3611068725586,-33.638893127441406,33.638893127441406,26.911114501953126
FD004,112,66.0,99.13615417480469,33.13615417480469,33.13615417480469,50.206294204249524
FD002,229,61.0,94.12162017822266,33.121620178222656,33.121620178222656,54.29773799708633
FD004,17,125.0,92.23570251464844,-32.76429748535156,32.76429748535156,26.21143798828125
FD004,193,104.0,71.37333679199219,-32.62666320800781,32.62666320800781,31.371791546161358
FD002,128,108.0,76.32884216308594,-31.671157836914062,31.671157836914062,29.325146145290798
FD001,16,84.0,115.48109436035156,31.481094360351562,31.481094360351562,37.47749328613281
FD003,34,65.0,95.8873519897461,30.887351989746094,30.887351989746094,47.519003061147835
FD003,19,85.0,115.81291198730469,30.812911987304688,30.812911987304688,36.25048469094669
FD002,16,67.0,97.80035400390625,30.80035400390625,30.80035400390625,45.97067761777052
FD003,70,63.0,93.50326538085938,30.503265380859375,30.503265380859375,48.417881556919646
FD002,75,98.0,67.53599548339844,-30.464004516601562,30.464004516601562,31.085718894491386
FD002,12,73.0,103.18603515625,30.18603515625,30.18603515625,41.35073309075342
FD004,25,39.0,8.87235164642334,-30.12764835357666,30.12764835357666,77.25038039378632
FD004,205,125.0,95.04055786132812,-29.959442138671875,29.959442138671875,23.9675537109375
FD002,95,73.0,102.92509460449219,29.925094604492188,29.925094604492188,40.993280280126285
FD003,2,51.0,80.872314453125,29.872314453125,29.872314453125,58.57316559436274
FD003,83,125.0,95.27989959716797,-29.72010040283203,29.72010040283203,23.776080322265624
FD003,91,81.0,110.6847152709961,29.684715270996094,29.684715270996094,36.647796630859375
FD002,246,125.0,95.63768005371094,-29.362319946289062,29.362319946289062,23.48985595703125
FD003,14,31.0,60.306270599365234,29.306270599365234,29.306270599365234,94.53635677214591
FD001,27,66.0,94.8183822631836,28.818382263183594,28.818382263183594,43.66421555027817
FD004,120,125.0,96.48582458496094,-28.514175415039062,28.514175415039062,22.81134033203125
FD002,118,125.0,96.499267578125,-28.500732421875,28.500732421875,22.8005859375
FD002,200,125.0,96.79424285888672,-28.20575714111328,28.20575714111328,22.564605712890625
FD004,16,125.0,96.86912536621094,-28.130874633789062,28.130874633789062,22.50469970703125
FD002,126,124.0,96.17444610595703,-27.82555389404297,27.82555389404297,22.43996281777659
FD002,187,125.0,97.20201873779297,-27.79798126220703,27.79798126220703,22.238385009765622
FD002,196,93.0,120.33938598632812,27.339385986328125,27.339385986328125,29.397189232610888
FD004,81,96.0,123.17355346679688,27.173553466796875,27.173553466796875,28.305784861246746
FD004,148,125.0,97.94049072265625,-27.05950927734375,27.05950927734375,21.647607421875
FD001,12,124.0,97.35718536376953,-26.64281463623047,26.64281463623047,21.486140835669733
FD002,4,110.0,83.36556243896484,-26.634437561035156,26.634437561035156,24.213125055486508
FD002,144,43.0,69.43608856201172,26.43608856201172,26.43608856201172,61.47927572560865
FD003,93,67.0,93.26826477050781,26.268264770507812,26.268264770507812,39.20636532911614
FD002,117,125.0,98.91213989257812,-26.087860107421875,26.087860107421875,20.8702880859375
FD002,74,86.0,111.96183013916016,25.961830139160156,25.961830139160156,30.188174580418785
FD002,152,59.0,84.94429016113281,25.944290161132812,25.944290161132812,43.973373154462394
FD004,78,74.0,99.93689727783203,25.93689727783203,25.93689727783203,35.0498611862595
FD002,169,125.0,99.07756805419922,-25.92243194580078,25.92243194580078,20.737945556640625
FD002,93,125.0,99.1484146118164,-25.851585388183594,25.851585388183594,20.681268310546873
FD002,111,9.0,34.792579650878906,25.792579650878906,25.792579650878906,286.584218343099
FD004,187,24.0,49.67365646362305,25.673656463623047,25.673656463623047,106.97356859842937
FD002,240,121.0,95.46539306640625,-25.53460693359375,25.53460693359375,21.102980936854337
FD002,131,120.0,94.51185607910156,-25.488143920898438,25.488143920898438,21.24011993408203
FD004,107,41.0,66.40773010253906,25.407730102539062,25.407730102539062,61.97007342082698
FD002,180,97.0,71.6168441772461,-25.383155822753906,25.383155822753906,26.16820187912774
FD004,119,109.0,83.69366455078125,-25.30633544921875,25.30633544921875,23.216821513044724
FD002,20,54.0,79.14732360839844,25.147323608398438,25.147323608398438,46.56911779333044
FD002,222,75.0,50.457244873046875,-24.542755126953125,24.542755126953125,32.723673502604164
FD001,45,114.0,89.58183288574219,-24.418167114257812,24.418167114257812,21.41944483706826
FD002,123,125.0,100.72050476074219,-24.279495239257812,24.279495239257812,19.42359619140625
FD002,143,81.0,56.848487854003906,-24.151512145996094,24.151512145996094,29.81668166172357
FD003,27,88.0,112.07514953613281,24.075149536132812,24.075149536132812,27.3581244728782
FD002,135,125.0,101.01377868652344,-23.986221313476562,23.986221313476562,19.18897705078125
FD002,7,6.0,29.749242782592773,23.749242782592773,23.749242782592773,395.8207130432129
FD003,32,55.0,78.74916076660156,23.749160766601562,23.749160766601562,43.18029230291193
FD001,18,28.0,51.74721145629883,23.747211456298828,23.747211456298828,84.81146948678153
FD002,49,122.0,98.2745361328125,-23.7254638671875,23.7254638671875,19.447101530481557
FD001,72,50.0,73.71051788330078,23.71051788330078,23.71051788330078,47.42103576660156
FD001,98,59.0,82.63308715820312,23.633087158203125,23.633087158203125,40.05607992915784
FD001,41,18.0,41.630489349365234,23.630489349365234,23.630489349365234,131.2804963853624
FD004,75,124.0,100.42822265625,-23.57177734375,23.57177734375,19.009497857862904
FD004,232,125.0,101.4295883178711,-23.570411682128906,23.570411682128906,18.856329345703124
FD002,42,27.0,50.52535629272461,23.52535629272461,23.52535629272461,87.13094923231337
FD002,156,83.0,106.50277709960938,23.502777099609375,23.502777099609375,28.31659891519202
FD004,166,72.0,95.40184783935547,23.40184783935547,23.40184783935547,32.50256644354926
FD004,130,125.0,101.63217163085938,-23.367828369140625,23.367828369140625,18.6942626953125
FD004,6,78.0,101.27180480957031,23.271804809570312,23.271804809570312,29.83564719175681
FD002,149,125.0,101.90927124023438,-23.090728759765625,23.090728759765625,18.4725830078125
FD002,26,125.0,101.96733093261719,-23.032669067382812,23.032669067382812,18.42613525390625
FD002,198,32.0,54.95876693725586,22.95876693725586,22.95876693725586,71.74614667892456
FD004,13,71.0,48.196556091308594,-22.803443908691406,22.803443908691406,32.11752663195973
FD002,173,14.0,36.73500442504883,22.735004425048828,22.735004425048828,162.39288875034876
FD002,66,121.0,98.32427978515625,-22.67572021484375,22.67572021484375,18.740264640366735
FD004,89,86.0,63.35708999633789,-22.64291000366211,22.64291000366211,26.328965120537333
FD004,243,118.0,95.49061584472656,-22.509384155273438,22.509384155273438,19.07574928413003
FD004,129,120.0,97.5906753540039,-22.409324645996094,22.409324645996094,18.674437204996742
FD002,2,79.0,101.27334594726562,22.273345947265625,22.273345947265625,28.19410879400712
FD004,140,125.0,102.76708984375,-22.23291015625,22.23291015625,17.786328125
FD004,118,8.0,30.1785945892334,22.1785945892334,22.1785945892334,277.2324323654175
FD002,48,13.0,35.17203140258789,22.17203140258789,22.17203140258789,170.55408771221454
FD002,225,11.0,33.10417556762695,22.104175567626953,22.104175567626953,200.94705061479047
FD004,90,96.0,73.98300170898438,-22.016998291015625,22.016998291015625,22.934373219807945
FD001,88,115.0,93.29327392578125,-21.70672607421875,21.70672607421875,18.87541397758152
FD002,69,115.0,93.32121276855469,-21.678787231445312,21.678787231445312,18.851119331691578
FD003,58,40.0,61.482234954833984,21.482234954833984,21.482234954833984,53.70558738708496
FD004,44,60.0,38.6550178527832,-21.344982147216797,21.344982147216797,35.57497024536133
FD002,146,10.0,31.253917694091797,21.253917694091797,21.253917694091797,212.53917694091794
FD002,207,85.0,106.10684204101562,21.106842041015625,21.106842041015625,24.831578871783087
FD004,238,16.0,37.049861907958984,21.049861907958984,21.049861907958984,131.56163692474365
FD001,63,72.0,92.97845458984375,20.97845458984375,20.97845458984375,29.136742485894096
FD002,11,6.0,26.90178871154785,20.90178871154785,20.90178871154785,348.36314519246423
FD004,66,125.0,104.17485809326172,-20.82514190673828,20.82514190673828,16.660113525390624
FD002,188,125.0,104.21278381347656,-20.787216186523438,20.787216186523438,16.62977294921875
FD004,188,125.0,104.22357177734375,-20.77642822265625,20.77642822265625,16.621142578125
FD002,256,125.0,104.23344421386719,-20.766555786132812,20.766555786132812,16.61324462890625
FD004,48,45.0,65.68916320800781,20.689163208007812,20.689163208007812,45.97591824001736
FD001,77,34.0,54.5369873046875,20.5369873046875,20.5369873046875,60.40290383731618
FD004,18,104.0,83.47660064697266,-20.523399353027344,20.523399353027344,19.73403783944937
FD004,180,32.0,11.544539451599121,-20.45546054840088,20.45546054840088,63.92331421375275
FD004,200,96.0,75.77210998535156,-20.227890014648438,20.227890014648438,21.07071876525879
FD004,2,39.0,59.2078857421875,20.2078857421875,20.2078857421875,51.81509164663461
FD002,166,125.0,104.8720932006836,-20.127906799316406,20.127906799316406,16.102325439453125
FD003,77,86.0,65.98438262939453,-20.01561737060547,20.01561737060547,23.273973686750544
FD003,80,125.0,105.20797729492188,-19.792022705078125,19.792022705078125,15.833618164062498
FD002,72,104.0,84.41967010498047,-19.58032989501953,19.58032989501953,18.827240283672626
FD004,86,70.0,50.4238166809082,-19.576183319091797,19.576183319091797,27.96597617013114
FD004,196,89.0,108.48222351074219,19.482223510742188,19.482223510742188,21.890138776114817
FD001,55,125.0,105.55526733398438,-19.444732666015625,19.444732666015625,15.5557861328125
FD004,195,125.0,105.56785583496094,-19.432144165039062,19.432144165039062,15.545715332031252
FD001,73,125.0,105.6585693359375,-19.3414306640625,19.3414306640625,15.47314453125
FD002,221,125.0,105.66062927246094,-19.339370727539062,19.339370727539062,15.47149658203125
FD002,119,106.0,86.72180938720703,-19.27819061279297,19.27819061279297,18.18697227621978
FD001,64,28.0,47.27164840698242,19.271648406982422,19.271648406982422,68.82731573922294
FD002,230,85.0,104.21563720703125,19.21563720703125,19.21563720703125,22.606632008272058
FD004,3,107.0,87.8412857055664,-19.158714294433594,19.158714294433594,17.905340462087473
FD004,96,71.0,90.07941436767578,19.07941436767578,19.07941436767578,26.872414602360255
FD001,37,21.0,40.04540252685547,19.04540252685547,19.04540252685547,90.69239298502603
FD004,115,125.0,105.98858642578125,-19.01141357421875,19.01141357421875,15.209130859375
FD004,92,73.0,91.94039154052734,18.940391540527344,18.940391540527344,25.945741836338826
FD003,6,99.0,117.93692016601562,18.936920166015625,18.936920166015625,19.128202187894573
FD002,132,39.0,57.888450622558594,18.888450622558594,18.888450622558594,48.43192467322716
FD004,244,35.0,53.803226470947266,18.803226470947266,18.803226470947266,53.72350420270647
FD004,69,12.0,30.761823654174805,18.761823654174805,18.761823654174805,156.34853045145672
FD002,130,121.0,102.41163635253906,-18.588363647460938,18.588363647460938,15.362284006166064
FD002,137,88.0,69.68804168701172,-18.31195831298828,18.31195831298828,20.809043537486684
FD004,60,125.0,106.70657348632812,-18.293426513671875,18.293426513671875,14.634741210937499
FD004,177,12.0,30.223026275634766,18.223026275634766,18.223026275634766,151.85855229695636
FD002,141,125.0,106.92935180664062,-18.070648193359375,18.070648193359375,14.4565185546875
FD004,233,110.0,128.0685272216797,18.068527221679688,18.068527221679688,16.425933837890625
FD004,206,109.0,91.08755493164062,-17.912445068359375,17.912445068359375,16.433435842531537
FD002,175,125.0,107.13960266113281,-17.860397338867188,17.860397338867188,14.288317871093751
FD002,251,84.0,101.66291809082031,17.662918090820312,17.662918090820312,21.027283441452756
FD003,73,99.0,116.57892608642578,17.57892608642578,17.57892608642578,17.75649099638968
FD001,83,125.0,107.47714233398438,-17.522857666015625,17.522857666015625,14.018286132812499
FD001,15,83.0,100.51513671875,17.51513671875,17.51513671875,21.10257435993976
FD004,147,56.0,73.40423583984375,17.40423583984375,17.40423583984375,31.078992571149556
FD004,4,75.0,92.36158752441406,17.361587524414062,17.361587524414062,23.148783365885418
FD003,35,87.0,104.33121490478516,17.331214904785156,17.331214904785156,19.920936672166846
FD004,176,103.0,85.73188018798828,-17.26811981201172,17.26811981201172,16.765164866030798
FD003,11,77.0,94.22811126708984,17.228111267089844,17.228111267089844,22.37417047674006
FD004,83,125.0,107.77961730957031,-17.220382690429688,17.220382690429688,13.77630615234375
FD003,82,6.0,23.092350006103516,17.092350006103516,17.092350006103516,284.8725001017252
FD002,87,21.0,38.059505462646484,17.059505462646484,17.059505462646484,81.2357402983166
FD002,6,125.0,107.96891784667969,-17.031082153320312,17.031082153320312,13.62486572265625
FD003,76,27.0,43.96648025512695,16.966480255126953,16.966480255126953,62.838815759729464
FD004,154,34.0,50.85493850708008,16.854938507080078,16.854938507080078,49.57334855023552
FD002,214,125.0,108.17460632324219,-16.825393676757812,16.825393676757812,13.460314941406251
FD002,232,101.0,84.22090148925781,-16.779098510742188,16.779098510742188,16.61296882251702
FD004,85,115.0,98.23695373535156,-16.763046264648438,16.763046264648438,14.57656196925951
FD002,33,53.0,69.74280548095703,16.74280548095703,16.74280548095703,31.590199020673644
FD002,106,120.0,103.49942016601562,-16.500579833984375,16.500579833984375,13.750483194986979
FD001,94,55.0,71.40673828125,16.40673828125,16.40673828125,29.83043323863636
FD002,104,106.0,89.63272094726562,-16.367279052734375,16.367279052734375,15.44082929503243
FD002,259,51.0,67.34583282470703,16.34583282470703,16.34583282470703,32.05065259746477
FD001,60,100.0,116.30593872070312,16.305938720703125,16.305938720703125,16.305938720703125
FD004,209,11.0,27.27433204650879,16.27433204650879,16.27433204650879,147.9484731500799
FD004,67,46.0,62.27000045776367,16.270000457763672,16.270000457763672,35.369566212529726
FD003,20,56.0,72.24337005615234,16.243370056152344,16.243370056152344,29.006017957414898
FD004,183,15.0,31.192846298217773,16.192846298217773,16.192846298217773,107.95230865478516
FD002,108,125.0,108.8365478515625,-16.1634521484375,16.1634521484375,12.93076171875
FD002,10,79.0,95.06794738769531,16.067947387695312,16.067947387695312,20.33917390847508
FD004,163,95.0,111.06475830078125,16.06475830078125,16.06475830078125,16.910271895559212
FD001,13,95.0,78.94670104980469,-16.053298950195312,16.053298950195312,16.898209421258223
FD002,197,125.0,108.95304870605469,-16.046951293945312,16.046951293945312,12.83756103515625
FD001,58,37.0,53.02463912963867,16.024639129638672,16.024639129638672,43.30983548550992
FD002,150,34.0,49.9793586730957,15.979358673095703,15.979358673095703,46.99811374439913
FD002,148,11.0,26.927444458007812,15.927444458007812,15.927444458007812,144.79494961825284
FD004,124,86.0,70.25992584228516,-15.740074157714844,15.740074157714844,18.30241181129633
FD004,79,78.0,93.7332992553711,15.733299255371094,15.733299255371094,20.170896481244995
FD003,50,11.0,26.66152000427246,15.661520004272461,15.661520004272461,142.3774545842951
FD002,195,80.0,64.44224548339844,-15.557754516601562,15.557754516601562,19.447193145751953
FD001,28,97.0,112.42063903808594,15.420639038085938,15.420639038085938,15.897566018645296
FD002,120,15.0,30.38466453552246,15.384664535522461,15.384664535522461,102.5644302368164
FD002,199,103.0,118.3604736328125,15.3604736328125,15.3604736328125,14.91308119690534
FD002,79,91.0,106.35298156738281,15.352981567382812,15.352981567382812,16.87140831580529
FD002,124,7.0,22.23184585571289,15.23184585571289,15.23184585571289,217.5977979387556
FD003,10,66.0,81.19713592529297,15.197135925292969,15.197135925292969,23.025963523171164
FD003,69,100.0,115.1585693359375,15.1585693359375,15.1585693359375,15.1585693359375
FD004,160,83.0,98.11183166503906,15.111831665039062,15.111831665039062,18.2070261024567
FD001,56,15.0,29.97261619567871,14.972616195678711,14.972616195678711,99.81744130452473
FD001,43,59.0,73.9104995727539,14.910499572753906,14.910499572753906,25.272033174159166
FD004,157,125.0,110.09628295898438,-14.903717041015625,14.903717041015625,11.9229736328125
FD004,15,12.0,26.799182891845703,14.799182891845703,14.799182891845703,123.32652409871419
FD002,50,13.0,27.70979118347168,14.70979118347168,14.70979118347168,113.15223987285907
FD003,42,115.0,100.31520080566406,-14.684799194335938,14.684799194335938,12.76939060377038
FD004,203,125.0,110.46401977539062,-14.535980224609375,14.535980224609375,11.6287841796875
FD001,54,97.0,111.51185607910156,14.511856079101562,14.511856079101562,14.960676370207796
FD004,174,10.0,24.502185821533203,14.502185821533203,14.502185821533203,145.02185821533203
FD003,23,78.0,63.51921463012695,-14.480785369873047,14.480785369873047,18.56510944855519
FD004,5,125.0,110.52845764160156,-14.471542358398438,14.471542358398438,11.57723388671875
FD002,140,55.0,40.533451080322266,-14.466548919677734,14.466548919677734,26.302816217595883
FD004,210,88.0,102.38626098632812,14.386260986328125,14.386260986328125,16.348023848100144
FD003,62,58.0,72.32818603515625,14.32818603515625,14.32818603515625,24.703769026131468
FD002,92,73.0,87.23176574707031,14.231765747070312,14.231765747070312,19.495569516534676
FD003,38,22.0,36.20175552368164,14.20175552368164,14.20175552368164,64.55343419855292
FD004,162,84.0,98.19171142578125,14.19171142578125,14.19171142578125,16.894894554501487
FD004,29,64.0,78.1851806640625,14.1851806640625,14.1851806640625,22.164344787597656
FD001,36,19.0,33.14162063598633,14.141620635986328,14.141620635986328,74.42958229466488
FD002,147,92.0,106.13008117675781,14.130081176757812,14.130081176757812,15.35878388778023
FD001,78,107.0,121.05427551269531,14.054275512695312,14.054275512695312,13.134836927752627
FD002,254,48.0,61.984310150146484,13.984310150146484,13.984310150146484,29.133979479471844
FD004,191,125.0,111.02702331542969,-13.972976684570312,13.972976684570312,11.178381347656249
FD003,55,55.0,68.96240997314453,13.962409973144531,13.962409973144531,25.38619995117187
FD004,110,59.0,45.04427719116211,-13.95572280883789,13.95572280883789,23.653767472606592
FD002,81,125.0,111.04756927490234,-13.952430725097656,13.952430725097656,11.161944580078124
FD003,95,125.0,111.06302642822266,-13.936973571777344,13.936973571777344,11.149578857421876
FD004,31,6.0,19.903722763061523,13.903722763061523,13.903722763061523,231.72871271769205
FD001,66,14.0,27.862808227539062,13.862808227539062,13.862808227539062,99.02005876813617
FD003,46,7.0,20.774446487426758,13.774446487426758,13.774446487426758,196.77780696323939
FD002,179,35.0,48.76268768310547,13.762687683105469,13.762687683105469,39.321964808872764
FD004,247,112.0,98.29046630859375,-13.70953369140625,13.70953369140625,12.240655081612724
FD002,24,77.0,63.29054260253906,-13.709457397460938,13.709457397460938,17.80449012657265
FD004,236,75.0,88.68536376953125,13.68536376953125,13.68536376953125,18.247151692708332
FD001,82,9.0,22.661598205566406,13.661598205566406,13.661598205566406,151.7955356174045
FD002,226,108.0,94.39237976074219,-13.607620239257812,13.607620239257812,12.599648369683159
FD001,6,93.0,106.54495239257812,13.544952392578125,13.544952392578125,14.564464938256046
FD002,212,57.0,70.53541564941406,13.535415649414062,13.535415649414062,23.746343244586075
FD003,18,125.0,111.50737762451172,-13.492622375488281,13.492622375488281,10.794097900390625
FD004,73,23.0,36.3652458190918,13.365245819091797,13.365245819091797,58.1097644308339
FD004,103,9.0,22.351137161254883,13.351137161254883,13.351137161254883,148.3459684583876
FD003,68,103.0,116.29303741455078,13.293037414550781,13.293037414550781,12.905861567525031
FD001,92,20.0,33.16205978393555,13.162059783935547,13.162059783935547,65.81029891967773
FD002,89,97.0,110.13876342773438,13.138763427734375,13.138763427734375,13.545116935808634
FD004,70,33.0,46.10922622680664,13.10922622680664,13.10922622680664,39.724927960020125
FD004,146,100.0,113.08451843261719,13.084518432617188,13.084518432617188,13.084518432617188
FD002,84,17.0,30.075544357299805,13.075544357299805,13.075544357299805,76.91496680764591
FD003,60,125.0,111.94542694091797,-13.054573059082031,13.054573059082031,10.443658447265625
FD003,63,117.0,130.0413360595703,13.041336059570312,13.041336059570312,11.146441076555822
FD002,174,95.0,81.97454833984375,-13.02545166015625,13.02545166015625,13.711001747532894
FD002,162,41.0,54.0168571472168,13.016857147216797,13.016857147216797,31.74843206638243
FD004,212,76.0,62.994544982910156,-13.005455017089844,13.005455017089844,17.11244081196032
FD002,55,103.0,115.83732604980469,12.837326049804688,12.837326049804688,12.46342334932494
FD003,4,120.0,107.1676025390625,-12.8323974609375,12.8323974609375,10.69366455078125
FD004,159,22.0,34.83138656616211,12.83138656616211,12.83138656616211,58.324484391645946
FD003,47,125.0,112.17633056640625,-12.82366943359375,12.82366943359375,10.258935546875
FD002,258,125.0,112.24325561523438,-12.756744384765625,12.756744384765625,10.205395507812499
FD001,47,125.0,112.24861145019531,-12.751388549804688,12.751388549804688,10.20111083984375
FD002,219,73.0,85.74809265136719,12.748092651367188,12.748092651367188,17.463140618311215
FD004,80,114.0,101.30189514160156,-12.698104858398438,12.698104858398438,11.138688472279332
FD004,77,25.0,37.64213180541992,12.642131805419922,12.642131805419922,50.56852722167968
FD004,214,89.0,101.61071014404297,12.610710144042969,12.610710144042969,14.169337240497718
FD001,96,125.0,112.45195007324219,-12.548049926757812,12.548049926757812,10.038439941406251
FD004,128,125.0,137.5303497314453,12.530349731445312,12.530349731445312,10.02427978515625
FD004,199,92.0,79.53680419921875,-12.46319580078125,12.46319580078125,13.546951957370922
FD003,57,88.0,75.55699920654297,-12.443000793457031,12.443000793457031,14.139773628928445
FD004,26,92.0,79.57530975341797,-12.424690246582031,12.424690246582031,13.505098094110904
FD004,102,22.0,9.604048728942871,-12.395951271057129,12.395951271057129,56.34523305025968
FD004,30,118.0,105.61754608154297,-12.382453918457031,12.382453918457031,10.493605015641553
FD004,237,18.0,30.319795608520508,12.319795608520508,12.319795608520508,68.44330893622505
FD004,72,125.0,112.7047348022461,-12.295265197753906,12.295265197753906,9.836212158203125
FD002,157,125.0,112.74085235595703,-12.259147644042969,12.259147644042969,9.807318115234374
FD004,93,125.0,112.74618530273438,-12.253814697265625,12.253814697265625,9.8030517578125
FD004,97,105.0,117.19746398925781,12.197463989257812,12.197463989257812,11.616632370721726
FD001,10,96.0,83.82471466064453,-12.175285339355469,12.175285339355469,12.682588895161947
FD001,74,125.0,112.85893249511719,-12.141067504882812,12.141067504882812,9.71285400390625
FD001,34,7.0,19.111371994018555,12.111371994018555,12.111371994018555,173.01959991455078
FD002,63,39.0,51.082950592041016,12.082950592041016,12.082950592041016,30.981924594976963
FD003,40,41.0,28.939189910888672,-12.060810089111328,12.060810089111328,29.416609973442263
FD004,114,14.0,26.04035186767578,12.040351867675781,12.040351867675781,86.0025133405413
FD002,155,108.0,120.02267456054688,12.022674560546875,12.022674560546875,11.13210607458044
FD002,22,10.0,21.964527130126953,11.964527130126953,11.964527130126953,119.64527130126955
FD002,172,107.0,95.089599609375,-11.910400390625,11.910400390625,11.131215318341122
FD003,48,55.0,66.89302062988281,11.893020629882812,11.893020629882812,21.623673872514203
FD003,79,18.0,29.88949203491211,11.88949203491211,11.88949203491211,66.0527335272895
FD002,127,82.0,70.21804809570312,-11.781951904296875,11.781951904296875,14.368234029630337
FD002,36,100.0,88.26103210449219,-11.738967895507812,11.738967895507812,11.738967895507812
FD002,139,51.0,62.71280288696289,11.71280288696289,11.71280288696289,22.96628017051547
FD003,53,87.0,98.64647674560547,11.646476745605469,11.646476745605469,13.386754880006285
FD002,220,121.0,132.62062072753906,11.620620727539062,11.620620727539062,9.603818783090134
FD004,94,125.0,113.41556549072266,-11.584434509277344,11.584434509277344,9.267547607421875
FD003,33,71.0,82.51234436035156,11.512344360351562,11.512344360351562,16.214569521621918
FD003,43,125.0,113.52210235595703,-11.477897644042969,11.477897644042969,9.182318115234375
FD002,114,78.0,89.41461944580078,11.414619445800781,11.414619445800781,14.634127494616386
FD001,70,94.0,105.40093994140625,11.40093994140625,11.40093994140625,12.128659512134309
FD002,30,78.0,66.6610336303711,-11.338966369628906,11.338966369628906,14.537136371319109
FD004,127,125.0,113.68087768554688,-11.319122314453125,11.319122314453125,9.0552978515625
FD004,82,10.0,21.30526351928711,11.30526351928711,11.30526351928711,113.0526351928711
FD002,40,37.0,25.70420265197754,-11.295797348022461,11.295797348022461,30.529182021682328
FD004,222,39.0,50.26679611206055,11.266796112060547,11.266796112060547,28.889220800155247
FD004,223,58.0,46.836578369140625,-11.163421630859375,11.163421630859375,19.247278673895472
FD001,38,50.0,61.1553840637207,11.155384063720703,11.155384063720703,22.310768127441406
FD004,57,97.0,108.10893249511719,11.108932495117188,11.108932495117188,11.452507726924937
FD002,235,125.0,113.91654205322266,-11.083457946777344,11.083457946777344,8.866766357421875
FD002,56,125.0,113.99404907226562,-11.005950927734375,11.005950927734375,8.804760742187499
FD002,90,8.0,18.905845642089844,10.905845642089844,10.905845642089844,136.32307052612305
FD002,38,55.0,65.89314270019531,10.893142700195312,10.893142700195312,19.805714000355113
FD004,56,67.0,77.87089538574219,10.870895385742188,10.870895385742188,16.225216993645056
FD002,183,67.0,77.85601806640625,10.85601806640625,10.85601806640625,16.20301203941231
FD004,100,7.0,17.851083755493164,10.851083755493164,10.851083755493164,155.01548222133093
FD002,67,86.0,75.19943237304688,-10.800567626953125,10.800567626953125,12.558799566224563
FD004,95,125.0,114.20824432373047,-10.791755676269531,10.791755676269531,8.633404541015626
FD001,21,57.0,67.76779174804688,10.767791748046875,10.767791748046875,18.890862715871712
FD004,152,88.0,98.73452758789062,10.734527587890625,10.734527587890625,12.198326804421166
FD001,62,54.0,43.3701057434082,-10.629894256591797,10.629894256591797,19.684989364058882
FD001,91,38.0,27.411867141723633,-10.588132858276367,10.588132858276367,27.863507521779912
FD003,26,11.0,21.4830265045166,10.483026504516602,10.483026504516602,95.30024095015092
FD001,81,8.0,18.473649978637695,10.473649978637695,10.473649978637695,130.9206247329712
FD001,51,114.0,103.52680969238281,-10.473190307617188,10.473190307617188,9.187009041769462
FD002,257,56.0,66.43067932128906,10.430679321289062,10.430679321289062,18.62621307373047
FD001,7,91.0,101.38859558105469,10.388595581054688,10.388595581054688,11.416039100060097
FD004,50,86.0,96.30742645263672,10.307426452636719,10.307426452636719,11.985379596089206
FD004,104,120.0,109.72808837890625,-10.27191162109375,10.27191162109375,8.559926350911457
FD001,86,89.0,99.24130249023438,10.241302490234375,10.241302490234375,11.507081449701545
FD002,77,94.0,83.75918579101562,-10.240814208984375,10.240814208984375,10.894483201047207
FD004,22,11.0,21.103605270385742,10.103605270385742,10.103605270385742,91.85095700350675
FD003,74,117.0,127.08915710449219,10.089157104492188,10.089157104492188,8.623211200420673
FD002,53,52.0,62.08366012573242,10.083660125732422,10.083660125732422,19.391654087946968
FD003,7,71.0,81.04945373535156,10.049453735351562,10.049453735351562,14.154160190636004
FD001,95,125.0,114.98992919921875,-10.01007080078125,10.01007080078125,8.008056640625
FD004,133,125.0,115.09246826171875,-9.90753173828125,9.90753173828125,7.926025390624999
FD002,96,49.0,58.87788009643555,9.877880096435547,9.877880096435547,20.158938972317443
FD001,97,82.0,91.85049438476562,9.850494384765625,9.850494384765625,12.012798030201981
FD004,185,46.0,55.84787368774414,9.84787368774414,9.84787368774414,21.408421060313348
FD002,98,97.0,87.15715026855469,-9.842849731445312,9.842849731445312,10.147267764376611
FD004,184,10.0,19.771562576293945,9.771562576293945,9.771562576293945,97.71562576293945
FD004,68,46.0,36.250213623046875,-9.749786376953125,9.749786376953125,21.195187775985055
FD002,103,8.0,17.617605209350586,9.617605209350586,9.617605209350586,120.22006511688232
FD004,215,125.0,115.44732666015625,-9.55267333984375,9.55267333984375,7.642138671875
FD004,208,91.0,81.44786071777344,-9.552139282226562,9.552139282226562,10.496856354095124
FD002,102,8.0,17.544260025024414,9.544260025024414,9.544260025024414,119.30325031280518
FD002,209,23.0,32.51444625854492,9.514446258544922,9.514446258544922,41.367157645847485
FD004,84,125.0,115.50088500976562,-9.499114990234375,9.499114990234375,7.5992919921875
FD003,21,18.0,27.414335250854492,9.414335250854492,9.414335250854492,52.30186250474718
FD002,238,125.0,115.59072875976562,-9.409271240234375,9.409271240234375,7.5274169921875
FD004,158,6.0,15.40633773803711,9.40633773803711,9.40633773803711,156.77229563395184
FD002,193,37.0,27.600011825561523,-9.399988174438477,9.399988174438477,25.405373444428314
FD004,20,82.0,91.39451599121094,9.394515991210938,9.394515991210938,11.456726818549924
FD002,237,62.0,71.38700866699219,9.387008666992188,9.387008666992188,15.140336559664819
FD004,168,87.0,96.38497924804688,9.384979248046875,9.384979248046875,10.787332469019397
FD004,62,33.0,42.37032699584961,9.37032699584961,9.37032699584961,28.394930290453363
FD004,138,88.0,78.63338470458984,-9.366615295410156,9.366615295410156,10.643881017511541
FD002,153,99.0,89.66004943847656,-9.339950561523438,9.339950561523438,9.434293496488321
FD001,8,95.0,85.66679382324219,-9.333206176757812,9.333206176757812,9.82442755448191
FD004,33,125.0,115.71633911132812,-9.283660888671875,9.283660888671875,7.4269287109375
FD002,133,38.0,47.25640869140625,9.25640869140625,9.25640869140625,24.358970240542764
FD004,98,113.0,122.22760009765625,9.22760009765625,9.22760009765625,8.166017785536503
FD002,109,35.0,44.160404205322266,9.160404205322266,9.160404205322266,26.172583443777903
FD002,41,44.0,34.85129928588867,-9.148700714111328,9.148700714111328,20.792501622980293
FD002,8,90.0,80.87022399902344,-9.129776000976562,9.129776000976562,10.144195556640625
FD002,208,8.0,17.046016693115234,9.046016693115234,9.046016693115234,113.07520866394043
FD001,89,125.0,115.96514892578125,-9.03485107421875,9.03485107421875,7.2278808593749995
FD004,181,37.0,27.977537155151367,-9.022462844848633,9.022462844848633,24.385034715807116
FD003,75,45.0,53.94852066040039,8.94852066040039,8.94852066040039,19.885601467556423
FD003,30,89.0,80.09991455078125,-8.90008544921875,8.90008544921875,10.000096010358146
FD004,87,94.0,102.85150909423828,8.851509094238281,8.851509094238281,9.416499036423703
FD002,211,6.0,14.808298110961914,8.808298110961914,8.808298110961914,146.80496851603192
FD004,113,13.0,21.790504455566406,8.790504455566406,8.790504455566406,67.61926504281851
FD004,224,14.0,22.766145706176758,8.766145706176758,8.766145706176758,62.61532647269112
FD003,90,51.0,42.29800033569336,-8.70199966430664,8.70199966430664,17.062744439816942
FD002,248,56.0,47.3301887512207,-8.669811248779297,8.669811248779297,15.481805801391602
FD003,61,125.0,116.39674377441406,-8.603256225585938,8.603256225585938,6.8826049804687495
FD001,31,8.0,16.592836380004883,8.592836380004883,8.592836380004883,107.41045475006104
FD001,29,90.0,81.422607421875,-8.577392578125,8.577392578125,9.530436197916666
FD003,71,35.0,26.424957275390625,-8.575042724609375,8.575042724609375,24.5001220703125
FD003,5,101.0,109.54878997802734,8.548789978027344,8.548789978027344,8.46414849309638
FD002,134,9.0,17.54652214050293,8.54652214050293,8.54652214050293,94.96135711669922
FD004,51,119.0,110.45907592773438,-8.540924072265625,8.540924072265625,7.177247119550946
FD002,161,13.0,21.5172176361084,8.517217636108398,8.517217636108398,65.51705873929538
FD001,23,113.0,121.46858215332031,8.468582153320312,8.468582153320312,7.494320489663993
FD003,13,115.0,106.53352355957031,-8.466476440429688,8.466476440429688,7.362153426460598
FD004,122,125.0,116.55762481689453,-8.442375183105469,8.442375183105469,6.753900146484375
FD004,235,24.0,15.568717002868652,-8.431282997131348,8.431282997131348,35.130345821380615
FD004,218,125.0,116.58926391601562,-8.410736083984375,8.410736083984375,6.7285888671875
FD002,136,87.0,78.62570190429688,-8.374298095703125,8.374298095703125,9.625629995061063
FD002,158,15.0,23.351057052612305,8.351057052612305,8.351057052612305,55.673713684082024
FD003,41,125.0,116.68635559082031,-8.313644409179688,8.313644409179688,6.6509155273437495
FD001,50,79.0,87.26161193847656,8.261611938476562,8.261611938476562,10.457736630982991
FD004,36,73.0,81.25233459472656,8.252334594726562,8.252334594726562,11.304567937981593
FD004,74,89.0,97.24421691894531,8.244216918945312,8.244216918945312,9.263165077466644
FD001,4,82.0,90.24261474609375,8.24261474609375,8.24261474609375,10.051969202553353
FD004,242,81.0,89.20700073242188,8.207000732421875,8.207000732421875,10.132099669656636
FD003,9,55.0,46.8320198059082,-8.167980194091797,8.167980194091797,14.850873080166904
FD002,32,11.0,19.164609909057617,8.164609909057617,8.164609909057617,74.22372644597833
FD002,68,56.0,47.89995193481445,-8.100048065185547,8.100048065185547,14.464371544974192
FD002,185,19.0,10.901214599609375,-8.098785400390625,8.098785400390625,42.62518631784539
FD001,99,117.0,108.90260314941406,-8.097396850585938,8.097396850585938,6.92085200904781
FD004,32,22.0,30.042266845703125,8.042266845703125,8.042266845703125,36.555758389559664
FD004,40,10.0,18.032297134399414,8.032297134399414,8.032297134399414,80.32297134399414
FD002,71,125.0,117.0038070678711,-7.996192932128906,7.996192932128906,6.396954345703125
FD003,59,49.0,56.918331146240234,7.918331146240234,7.918331146240234,16.159859482122926
FD002,247,125.0,117.21255493164062,-7.787445068359375,7.787445068359375,6.2299560546875
FD004,111,18.0,10.23374080657959,-7.76625919342041,7.76625919342041,43.14588440789117
FD001,20,16.0,23.717798233032227,7.717798233032227,7.717798233032227,48.236238956451416
FD002,94,97.0,89.29331970214844,-7.7066802978515625,7.7066802978515625,7.945031234898519
FD002,97,31.0,23.33570671081543,-7.66429328918457,7.66429328918457,24.723526739305065
FD004,52,125.0,117.34466552734375,-7.65533447265625,7.65533447265625,6.124267578125
FD002,255,122.0,114.34886169433594,-7.6511383056640625,7.6511383056640625,6.271424840708248
FD004,116,13.0,20.616897583007812,7.6168975830078125,7.6168975830078125,58.59151986929086
FD003,24,9.0,1.4150243997573853,-7.584975600242615,7.584975600242615,84.2775066693624
FD001,24,20.0,12.529032707214355,-7.4709672927856445,7.4709672927856445,37.35483646392822
FD004,178,106.0,98.55252075195312,-7.447479248046875,7.447479248046875,7.025923818912146
FD002,76,36.0,28.575654983520508,-7.424345016479492,7.424345016479492,20.62318060133192
FD004,143,53.0,45.60243606567383,-7.397563934326172,7.397563934326172,13.95766780061542
FD003,64,28.0,20.648393630981445,-7.351606369018555,7.351606369018555,26.255737032209126
FD004,71,15.0,22.311742782592773,7.311742782592773,7.311742782592773,48.74495188395182
FD004,35,36.0,28.78699493408203,-7.213005065917969,7.213005065917969,20.03612518310547
FD003,49,125.0,117.80567932128906,-7.1943206787109375,7.1943206787109375,5.7554565429687505
FD001,42,10.0,17.181873321533203,7.181873321533203,7.181873321533203,71.81873321533203
FD003,45,111.0,118.17166137695312,7.171661376953125,7.171661376953125,6.4609561954532655
FD002,64,14.0,6.828348636627197,-7.171651363372803,7.171651363372803,51.22608116694859
FD002,159,9.0,16.09920883178711,7.099208831787109,7.099208831787109,78.88009813096788
FD004,27,76.0,68.91693115234375,-7.08306884765625,7.08306884765625,9.319827431126644
FD004,21,91.0,83.92353820800781,-7.0764617919921875,7.0764617919921875,7.776331639551855
FD002,181,68.0,61.07319259643555,-6.926807403564453,6.926807403564453,10.186481475830078
FD002,107,61.0,67.9162368774414,6.916236877441406,6.916236877441406,11.338093241707222
FD004,123,23.0,16.11591911315918,-6.88408088684082,6.88408088684082,29.930786464525305
FD003,17,125.0,118.11759185791016,-6.882408142089844,6.882408142089844,5.505926513671875
FD003,66,87.0,93.87287902832031,6.8728790283203125,6.8728790283203125,7.899860952092314
FD003,98,17.0,23.869482040405273,6.869482040405273,6.869482040405273,40.4087178847369
FD002,39,48.0,54.73933410644531,6.7393341064453125,6.7393341064453125,14.040279388427734
FD003,44,69.0,75.69270324707031,6.6927032470703125,6.6927032470703125,9.699569923290309
FD001,17,50.0,56.66781234741211,6.667812347412109,6.667812347412109,13.335624694824219
FD004,216,17.0,23.555767059326172,6.555767059326172,6.555767059326172,38.56333564309513
FD001,33,106.0,99.45751190185547,-6.542488098144531,6.542488098144531,6.172158583155218
FD003,22,119.0,125.41372680664062,6.413726806640625,6.413726806640625,5.389686392134979
FD002,99,9.0,15.324606895446777,6.324606895446777,6.324606895446777,70.27340994940865
FD002,129,79.0,72.71258544921875,-6.28741455078125,6.28741455078125,7.958752595925633
FD004,53,125.0,131.24388122558594,6.2438812255859375,6.2438812255859375,4.99510498046875
FD002,171,36.0,29.808006286621094,-6.191993713378906,6.191993713378906,17.199982537163628
FD004,131,101.0,107.18994903564453,6.189949035644531,6.189949035644531,6.128662411529239
FD002,54,106.0,112.16688537597656,6.1668853759765625,6.1668853759765625,5.81781639243072
FD004,55,125.0,131.07640075683594,6.0764007568359375,6.0764007568359375,4.86112060546875
FD004,42,30.0,36.06112289428711,6.061122894287109,6.061122894287109,20.20374298095703
FD001,48,92.0,98.04075622558594,6.0407562255859375,6.0407562255859375,6.566039375636888
FD001,57,103.0,96.96682739257812,-6.033172607421875,6.033172607421875,5.857449133419297
FD003,67,92.0,98.02671813964844,6.0267181396484375,6.0267181396484375,6.550780586574388
FD001,52,29.0,35.00693130493164,6.006931304931641,6.006931304931641,20.71355622390221
FD004,139,125.0,119.00115966796875,-5.99884033203125,5.99884033203125,4.799072265625
FD002,78,52.0,46.03933334350586,-5.960666656494141,5.960666656494141,11.462820493257961
FD004,221,73.0,67.04444885253906,-5.9555511474609375,5.9555511474609375,8.158289243097174
FD004,134,36.0,41.91501235961914,5.915012359619141,5.915012359619141,16.430589887830944
FD004,155,7.0,12.86306381225586,5.863063812255859,5.863063812255859,83.758054460798
FD004,99,37.0,31.182479858398438,-5.8175201416015625,5.8175201416015625,15.723027409733954
FD001,53,26.0,31.755733489990234,5.755733489990234,5.755733489990234,22.13743649996244
FD002,62,39.0,33.2676887512207,-5.732311248779297,5.732311248779297,14.698233971228966
FD004,136,122.0,116.26902770996094,-5.7309722900390625,5.7309722900390625,4.697518270523822
FD003,100,28.0,33.714866638183594,5.714866638183594,5.714866638183594,20.410237993512833
FD002,17,68.0,73.68125915527344,5.6812591552734375,5.6812591552734375,8.354792875402115
FD003,1,44.0,49.67470932006836,5.674709320068359,5.674709320068359,12.897066636518998
FD003,8,55.0,60.6557502746582,5.655750274658203,5.655750274658203,10.28318231756037
FD002,190,12.0,17.581125259399414,5.581125259399414,5.581125259399414,46.50937716166179
FD002,27,125.0,119.4333267211914,-5.566673278808594,5.566673278808594,4.453338623046875
FD004,142,108.0,113.52522277832031,5.5252227783203125,5.5252227783203125,5.115947016963252
FD002,192,13.0,18.505985260009766,5.505985260009766,5.505985260009766,42.35373276930589
FD002,115,91.0,85.59864807128906,-5.4013519287109375,5.4013519287109375,5.935551570012019
FD002,252,12.0,17.3968563079834,5.396856307983398,5.396856307983398,44.97380256652832
FD002,182,14.0,8.60489559173584,-5.39510440826416,5.39510440826416,38.536460059029714
FD002,250,23.0,17.65220069885254,-5.347799301147461,5.347799301147461,23.251301309336785
FD003,12,115.0,109.6776123046875,-5.3223876953125,5.3223876953125,4.628163213315217
FD002,234,89.0,94.3177490234375,5.3177490234375,5.3177490234375,5.974998902738764
FD004,108,125.0,119.68635559082031,-5.3136444091796875,5.3136444091796875,4.25091552734375
FD001,80,90.0,84.75003051757812,-5.249969482421875,5.249969482421875,5.833299424913195
FD004,101,13.0,18.235464096069336,5.235464096069336,5.235464096069336,40.27280073899489
FD004,167,109.0,114.11640930175781,5.1164093017578125,5.1164093017578125,4.6939534878512035
FD004,88,56.0,61.08954620361328,5.089546203613281,5.089546203613281,9.088475363595146
FD002,239,101.0,106.08261108398438,5.082611083984375,5.082611083984375,5.032288201964728
FD004,58,8.0,13.047357559204102,5.047357559204102,5.047357559204102,63.09196949005127
FD002,65,11.0,15.951973915100098,4.951973915100098,4.951973915100098,45.017944682728164
FD004,165,111.0,106.08544921875,-4.91455078125,4.91455078125,4.427523226351352
FD004,47,34.0,29.105262756347656,-4.894737243652344,4.894737243652344,14.396286010742188
FD003,86,25.0,29.849044799804688,4.8490447998046875,4.8490447998046875,19.39617919921875
FD002,44,6.0,10.834261894226074,4.834261894226074,4.834261894226074,80.57103157043457
FD002,25,88.0,83.20279693603516,-4.797203063964844,4.797203063964844,5.451367118141868
FD004,197,36.0,40.79349136352539,4.793491363525391,4.793491363525391,13.31525378757053
FD004,109,125.0,120.2982406616211,-4.701759338378906,4.701759338378906,3.761407470703125
FD001,90,28.0,32.68477249145508,4.684772491455078,4.684772491455078,16.73133032662528
FD002,184,125.0,120.31910705566406,-4.6808929443359375,4.6808929443359375,3.74471435546875
FD003,36,125.0,120.32078552246094,-4.6792144775390625,4.6792144775390625,3.7433715820312496
FD004,192,71.0,75.66595458984375,4.66595458984375,4.66595458984375,6.571767027948944
FD002,160,42.0,46.63334274291992,4.633342742919922,4.633342742919922,11.031768435523622
FD004,172,12.0,16.627286911010742,4.627286911010742,4.627286911010742,38.56072425842285
FD002,1,18.0,13.402708053588867,-4.597291946411133,4.597291946411133,25.540510813395183
FD002,206,48.0,52.584896087646484,4.584896087646484,4.584896087646484,9.551866849263508
FD004,226,88.0,92.57936096191406,4.5793609619140625,4.5793609619140625,5.203819274902344
FD001,44,109.0,104.44688415527344,-4.5531158447265625,4.5531158447265625,4.17717049974914
FD002,194,122.0,117.48958587646484,-4.510414123535156,4.510414123535156,3.69706075699603
FD002,227,14.0,9.494063377380371,-4.505936622619629,4.505936622619629,32.18526159014021
FD004,150,57.0,61.42885208129883,4.428852081298828,4.428852081298828,7.769915932103206
FD004,9,99.0,94.57191467285156,-4.4280853271484375,4.4280853271484375,4.472813461766099
FD004,135,7.0,2.5801925659179688,-4.419807434082031,4.419807434082031,63.140106201171875
FD004,38,11.0,15.411155700683594,4.411155700683594,4.411155700683594,40.101415460759945
FD002,3,106.0,110.35603332519531,4.3560333251953125,4.3560333251953125,4.109465401127653
FD004,219,41.0,45.338924407958984,4.338924407958984,4.338924407958984,10.582742458436547
FD001,19,87.0,82.67326354980469,-4.3267364501953125,4.3267364501953125,4.973260287580819
FD002,167,96.0,100.32665252685547,4.326652526855469,4.326652526855469,4.506929715474447
FD001,32,48.0,52.29696273803711,4.296962738037109,4.296962738037109,8.952005704243977
FD002,110,80.0,84.1875,4.1875,4.1875,5.234375
FD004,132,116.0,111.82818603515625,-4.17181396484375,4.17181396484375,3.5963913490032327
FD003,97,123.0,118.93927764892578,-4.060722351074219,4.060722351074219,3.301400285426194
FD002,46,112.0,108.01324462890625,-3.98675537109375,3.98675537109375,3.5596030099051337
FD002,15,37.0,40.9474983215332,3.947498321533203,3.947498321533203,10.668914382522171
FD004,121,41.0,44.94529342651367,3.945293426513672,3.945293426513672,9.622666893935786
FD002,29,83.0,86.94404602050781,3.9440460205078125,3.9440460205078125,4.751862675310617
FD004,54,125.0,121.13750457763672,-3.8624954223632812,3.8624954223632812,3.089996337890625
FD004,65,12.0,15.859292030334473,3.8592920303344727,3.8592920303344727,32.160766919453934
FD004,230,98.0,101.82179260253906,3.8217926025390625,3.8217926025390625,3.899788369937819
FD004,231,33.0,36.74211120605469,3.7421112060546875,3.7421112060546875,11.339730927438447
FD002,215,101.0,104.68719482421875,3.68719482421875,3.68719482421875,3.6506879447710396
FD004,23,26.0,29.657514572143555,3.6575145721435547,3.6575145721435547,14.067363739013672
FD001,61,21.0,24.63628578186035,3.6362857818603516,3.6362857818603516,17.31564658028739
FD002,105,116.0,119.63123321533203,3.6312332153320312,3.6312332153320312,3.130373461493131
FD004,145,59.0,55.43465042114258,-3.565349578857422,3.565349578857422,6.042965387893935
FD004,207,116.0,112.55230712890625,-3.44769287109375,3.44769287109375,2.972149026804957
FD003,72,45.0,48.36030197143555,3.360301971435547,3.360301971435547,7.467337714301216
FD002,80,15.0,18.309926986694336,3.309926986694336,3.309926986694336,22.06617991129557
FD002,19,22.0,18.711322784423828,-3.288677215576172,3.288677215576172,14.948532798073508
FD004,149,76.0,72.7223892211914,-3.2776107788085938,3.2776107788085938,4.312645761590255
FD003,56,93.0,89.74436950683594,-3.2556304931640625,3.2556304931640625,3.5006779496387765
FD002,57,123.0,119.81753540039062,-3.182464599609375,3.182464599609375,2.587369593178354
FD004,194,15.0,11.846855163574219,-3.1531448364257812,3.1531448364257812,21.020965576171875
FD001,75,113.0,110.01181030273438,-2.988189697265625,2.988189697265625,2.644415661297013
FD002,13,30.0,32.98118591308594,2.9811859130859375,2.9811859130859375,9.937286376953125
FD004,7,94.0,96.94529724121094,2.9452972412109375,2.9452972412109375,3.133294937458444
FD003,25,58.0,60.9122428894043,2.912242889404297,2.912242889404297,5.021108430007408
FD003,51,78.0,80.82969665527344,2.8296966552734375,2.8296966552734375,3.6278162247095356
FD002,14,11.0,13.819586753845215,2.819586753845215,2.819586753845215,25.632606853138316
FD003,15,108.0,110.78062438964844,2.7806243896484375,2.7806243896484375,2.5746522126374423
FD003,94,10.0,7.274867534637451,-2.725132465362549,2.725132465362549,27.251324653625485
FD004,91,50.0,47.314701080322266,-2.6852989196777344,2.6852989196777344,5.370597839355469
FD001,49,21.0,23.6351318359375,2.6351318359375,2.6351318359375,12.548246837797619
FD004,11,125.0,127.53164672851562,2.531646728515625,2.531646728515625,2.0253173828124997
FD004,217,66.0,68.47154998779297,2.4715499877929688,2.4715499877929688,3.7447727087772256
FD001,3,69.0,71.45511627197266,2.4551162719726562,2.4551162719726562,3.5581395245980523
FD004,211,108.0,110.44479370117188,2.444793701171875,2.444793701171875,2.26369787145544
FD002,177,6.0,8.426469802856445,2.4264698028564453,2.4264698028564453,40.44116338094075
FD001,69,121.0,123.42632293701172,2.4263229370117188,2.4263229370117188,2.00522556777828
FD002,210,8.0,10.373869895935059,2.3738698959350586,2.3738698959350586,29.673373699188232
FD004,45,85.0,82.63140869140625,-2.36859130859375,2.36859130859375,2.7865780101102944
FD004,182,116.0,113.67219543457031,-2.3278045654296875,2.3278045654296875,2.0067280736462823
FD004,248,26.0,28.304075241088867,2.304075241088867,2.304075241088867,8.861827850341797
FD004,1,22.0,19.703222274780273,-2.2967777252197266,2.2967777252197266,10.439898750998756
FD002,91,9.0,11.286417961120605,2.2864179611206055,2.2864179611206055,25.404644012451172
FD002,145,98.0,100.23478698730469,2.2347869873046875,2.2347869873046875,2.280394885004783
FD003,84,104.0,101.78960418701172,-2.2103958129882812,2.2103958129882812,2.125380589411809
FD002,85,47.0,49.15591812133789,2.1559181213378906,2.1559181213378906,4.58705983263381
FD004,245,125.0,127.11254119873047,2.1125411987304688,2.1125411987304688,1.690032958984375
FD004,202,13.0,15.081910133361816,2.0819101333618164,2.0819101333618164,16.014693333552437
FD002,43,18.0,20.059873580932617,2.059873580932617,2.059873580932617,11.443742116292317
FD003,78,20.0,17.940608978271484,-2.0593910217285156,2.0593910217285156,10.296955108642578
FD003,81,15.0,17.05293083190918,2.0529308319091797,2.0529308319091797,13.686205546061197
FD004,8,14.0,11.957063674926758,-2.042936325073242,2.042936325073242,14.592402321951731
FD001,11,97.0,94.98350524902344,-2.0164947509765625,2.0164947509765625,2.078860568017075
FD003,3,27.0,29.00168228149414,2.0016822814941406,2.0016822814941406,7.413638079607929
FD003,65,115.0,116.94679260253906,1.9467926025390625,1.9467926025390625,1.692863132642663
FD002,34,125.0,126.86895751953125,1.86895751953125,1.86895751953125,1.495166015625
FD002,164,14.0,12.150845527648926,-1.8491544723510742,1.8491544723510742,13.208246231079102
FD001,26,119.0,117.15312194824219,-1.8468780517578125,1.8468780517578125,1.5519983628216911
FD004,126,15.0,16.825361251831055,1.8253612518310547,1.8253612518310547,12.169075012207031
FD004,228,125.0,123.17816925048828,-1.8218307495117188,1.8218307495117188,1.457464599609375
FD004,234,68.0,66.21031188964844,-1.7896881103515625,1.7896881103515625,2.631894279928768
FD001,59,114.0,112.23933410644531,-1.7606658935546875,1.7606658935546875,1.5444437662760415
FD004,179,12.0,13.741451263427734,1.7414512634277344,1.7414512634277344,14.512093861897787
FD004,63,125.0,123.32811737060547,-1.6718826293945312,1.6718826293945312,1.337506103515625
FD002,253,43.0,41.33122634887695,-1.6687736511230469,1.6687736511230469,3.8808689561001093
FD002,21,97.0,95.34640502929688,-1.653594970703125,1.653594970703125,1.7047370831990978
FD002,58,26.0,24.41090965270996,-1.589090347290039,1.589090347290039,6.111885951115535
FD004,14,105.0,106.54542541503906,1.5454254150390625,1.5454254150390625,1.471833728608631
FD002,231,8.0,6.500218868255615,-1.4997811317443848,1.4997811317443848,18.74726414680481
FD001,87,116.0,117.48863983154297,1.4886398315429688,1.4886398315429688,1.2833101996060077
FD002,88,79.0,77.52250671386719,-1.4774932861328125,1.4774932861328125,1.8702446659909018
FD004,49,24.0,22.58437156677246,-1.415628433227539,1.415628433227539,5.898451805114746
FD002,176,23.0,21.60516929626465,-1.3948307037353516,1.3948307037353516,6.064481320588485
FD002,163,88.0,89.35545349121094,1.3554534912109375,1.3554534912109375,1.5402880581942473
FD004,12,7.0,8.347127914428711,1.347127914428711,1.347127914428711,19.24468449183873
FD001,9,111.0,109.69566345214844,-1.3043365478515625,1.3043365478515625,1.1750779710374437
FD004,64,46.0,47.28704071044922,1.2870407104492188,1.2870407104492188,2.797914587933084
FD003,31,79.0,80.28223419189453,1.2822341918945312,1.2822341918945312,1.6230812555626979
FD002,245,16.0,14.72482967376709,-1.2751703262329102,1.2751703262329102,7.9698145389556885
FD003,29,124.0,125.25564575195312,1.255645751953125,1.255645751953125,1.0126175418976815
FD004,213,14.0,15.226751327514648,1.2267513275146484,1.2267513275146484,8.76250948224749
FD002,70,17.0,18.208646774291992,1.2086467742919922,1.2086467742919922,7.109686907599954
FD002,216,81.0,79.80718994140625,-1.19281005859375,1.19281005859375,1.4726050106095678
FD002,138,7.0,5.812868595123291,-1.187131404876709,1.187131404876709,16.95902006966727
FD002,236,12.0,10.865582466125488,-1.1344175338745117,1.1344175338745117,9.453479448954266
FD004,227,125.0,123.94957733154297,-1.0504226684570312,1.0504226684570312,0.840338134765625
FD002,73,78.0,79.03431701660156,1.0343170166015625,1.0343170166015625,1.3260474571814904
FD004,220,125.0,126.00212860107422,1.0021286010742188,1.0021286010742188,0.801702880859375
FD003,92,14.0,14.997218132019043,0.997218132019043,0.997218132019043,7.122986657278878
FD002,9,11.0,11.978449821472168,0.978449821472168,0.978449821472168,8.894998377019709
FD001,84,58.0,58.95518112182617,0.9551811218261719,0.9551811218261719,1.6468640031485724
FD003,39,8.0,7.079075336456299,-0.9209246635437012,0.9209246635437012,11.511558294296265
FD002,168,82.0,82.88510131835938,0.885101318359375,0.885101318359375,1.0793918516577743
FD002,116,7.0,7.815463542938232,0.8154635429382324,0.8154635429382324,11.649479184831891
FD004,161,82.0,82.79721069335938,0.797210693359375,0.797210693359375,0.9722081626333842
FD001,40,28.0,28.74266242980957,0.7426624298095703,0.7426624298095703,2.6523658207484653
FD002,213,83.0,82.2745361328125,-0.7254638671875,0.7254638671875,0.8740528520331325
FD001,76,10.0,9.277758598327637,-0.7222414016723633,0.7222414016723633,7.222414016723633
FD003,87,68.0,67.36380767822266,-0.6361923217773438,0.6361923217773438,0.9355769437902114
FD003,28,125.0,124.37238311767578,-0.6276168823242188,0.6276168823242188,0.5020935058593751
FD002,100,14.0,14.596732139587402,0.5967321395874023,0.5967321395874023,4.262372425624302
FD001,71,118.0,117.46337890625,-0.53662109375,0.53662109375,0.4547636387711864
FD002,60,73.0,72.4769287109375,-0.5230712890625,0.5230712890625,0.7165360124143836
FD002,5,15.0,14.52268123626709,-0.47731876373291016,0.47731876373291016,3.1821250915527344
FD004,173,8.0,8.468674659729004,0.4686746597290039,0.4686746597290039,5.858433246612549
FD004,190,43.0,42.55216979980469,-0.4478302001953125,0.4478302001953125,1.041465581849564
FD001,35,11.0,10.556645393371582,-0.44335460662841797,0.44335460662841797,4.030496423894709
FD001,5,91.0,91.39811706542969,0.3981170654296875,0.3981170654296875,0.4374912806919643
FD002,186,10.0,10.384352684020996,0.3843526840209961,0.3843526840209961,3.8435268402099614
FD002,45,15.0,14.621465682983398,-0.37853431701660156,0.37853431701660156,2.5235621134440103
FD001,65,125.0,125.34745788574219,0.3474578857421875,0.3474578857421875,0.27796630859375
FD004,151,31.0,31.29208755493164,0.2920875549316406,0.2920875549316406,0.9422179191343246
FD002,52,53.0,53.27468490600586,0.2746849060058594,0.2746849060058594,0.5182734075582253
FD002,242,17.0,16.730667114257812,-0.2693328857421875,0.2693328857421875,1.5843110926011028
FD003,99,8.0,8.251959800720215,0.25195980072021484,0.25195980072021484,3.1494975090026855
FD002,203,125.0,125.22283172607422,0.22283172607421875,0.22283172607421875,0.17826538085937502
FD001,46,47.0,47.2208366394043,0.22083663940429688,0.22083663940429688,0.4698651902219082
FD002,82,74.0,73.85655212402344,-0.1434478759765625,0.1434478759765625,0.1938484810494088
FD002,154,103.0,102.86914825439453,-0.13085174560546875,0.13085174560546875,0.12704052971404733
FD001,100,20.0,20.115713119506836,0.11571311950683594,0.11571311950683594,0.5785655975341797
FD002,189,43.0,43.015560150146484,0.015560150146484375,0.015560150146484375,0.036186395689498545
FD002,142,47.0,46.99028015136719,-0.0097198486328125,0.0097198486328125,0.020680529005984043
FD001,68,8.0,8.001959800720215,0.0019598007202148438,0.0019598007202148438,0.024497509002685547
